Rank,Vendor,Count,Total Amount,Avg Amount,Sample Dates,Suggested GL
1,BANK WITHDRAWAL,564,$624084.09,$1106.53,"2017-12-27, 2017-12-20, 2017-12-19",
2,CASH WITHDRAWAL,284,$-47416.78,$-166.96,"2025-10-09, 2025-10-02, 2025-09-22",
3,TIM HORTONS,274,$2781.66,$10.15,"2025-08-18, 2025-08-11, 2025-08-05",
4,[UNKNOWN POINT OF SALE],112,$35508.76,$317.04,"2014-10-22, 2014-10-21, 2014-10-20",
5,TRANSFER,99,$37800.53,$381.82,"2019-10-26, 2017-10-16, 2017-10-05",
6,CORRECTION 00339,79,$37408.91,$473.53,"2013-08-23, 2013-08-20, 2013-08-08",
7,ETRANSFER HEFFNER,68,$110280.86,$1621.78,"2016-08-16, 2015-10-26, 2015-10-23",
8,MORTGAGE PROTECT,46,$6113.64,$132.91,"2017-04-10, 2017-04-03, 2017-03-09",
9,ETRANSFER DAVID RICHARD,40,$36735.34,$918.38,"2017-12-18, 2017-12-13, 2017-12-11",
10,MCDONALD'S,31,$418.01,$13.48,"2025-07-21, 2025-06-10, 2025-05-20",
11,WENDY'S,28,$422.46,$15.09,"2025-08-11, 2025-08-04, 2025-05-20",
12,SOBEYS,19,$2169.18,$114.17,"2019-12-16, 2019-11-25, 2019-11-12",
13,PAUL RICHARD,18,$8882.00,$493.44,"2013-12-09, 2013-12-03, 2013-05-03",
14,ACCOUNT FEE,18,$855.00,$47.50,"2014-08-31, 2014-07-31, 2014-06-30",
15,CO-OP,18,$984.71,$54.71,"2024-07-19, 2017-07-13, 2014-05-08",
16,CAPITAL ONE MASTERCARD,17,$7735.00,$455.00,"2014-04-24, 2014-03-24, 2014-01-23",
17,BRANCH TRANSACTION WITHDRAWAL IBB GAETZAVE & 67TH ST,16,$69352.30,$4334.52,"2014-10-07, 2014-10-02, 2014-09-12",
18,CINEPLEX,15,$766.86,$51.12,"2024-08-08, 2023-10-27, 2022-09-01",
19,SAFEWAY,14,$1325.43,$94.67,"2017-10-19, 2017-10-16, 2017-09-27",
20,REAL CANADIAN SUPERSTORE,11,$3164.54,$287.69,"2019-12-23, 2019-11-13, 2019-09-23",
21,MCAP SERVICES-RMG MORTGAGES,10,$11428.21,$1142.82,"2014-09-02, 2014-08-05, 2014-07-02",
22,POINTOFSALE -VISA DEBIT INTLVISA DEB RETAIL PURCHASE,10,$1559.54,$155.95,"2014-09-11, 2014-09-10, 2014-09-09",
23,ATM FEE,10,$13.00,$1.30,"2020-02-24, 2017-10-16, 2017-10-02",
24,SUSHI SUSHI,9,$193.46,$21.50,"2014-05-01, 2014-02-14, 2013-12-19",
25,INTERAC FEE,9,$13.50,$1.50,"2014-04-24, 2014-02-24, 2013-12-20",
26,WALMART,9,$623.79,$69.31,"2014-06-05, 2014-03-07, 2013-12-18",
27,STATEMENT FEE,8,$24.00,$3.00,"2013-12-31, 2013-11-29, 2013-10-31",
28,BUSINESS EXPENSE,7,$9688.22,$1384.03,"2017-12-07, 2017-08-15, 2016-12-07",
29,PAPER STMT FEE,7,$21.00,$3.00,"2014-08-31, 2014-07-31, 2014-06-30",
30,POINT OFSALE -VISA DEBIT INTLVISA DEB RETAIL PURCHASE,7,$1139.70,$162.81,"2014-09-11, 2014-09-10, 2014-09-09",
31,INSTANT TELLER WITHDRAWAL,7,$5120.00,$731.43,"2014-12-17, 2014-12-16, 2014-12-08",
32,JESSE GORDON,6,$5540.59,$923.43,"2014-05-27, 2014-04-10, 2014-03-24",
33,MORTGAGE PROTECTION,6,$1011.44,$168.57,"2017-04-10, 2017-04-03, 2014-06-02",
34,SBAP FEE,6,$611.47,$101.91,"2014-12-24, 2014-10-17, 2014-06-28",
35,BILL PAYMENT,6,$15025.15,$2504.19,"2014-01-15, 2013-12-27, 2013-12-16",
36,NORTHLAND RADIATOR,6,$3839.33,$639.89,"2014-05-28, 2014-05-22, 2014-05-21",
37,[REAL CANADIAN SUPERSTORE],5,$150.72,$30.14,"2014-10-17, 2014-10-10, 2014-10-09",
38,MONGOLIE GRILL,5,$276.94,$55.39,"2014-03-27, 2014-02-03, 2013-10-23",
39,BRANCH TRANSACTION WITHDRAWAL IBB GAETZAVE &67TH ST,5,$9500.00,$1900.00,"2014-10-06, 2014-09-12, 2014-09-02",
40,LARRY TAYLOR,5,$2485.05,$497.01,"2014-05-28, 2014-04-28, 2014-02-07",
41,WITHDRAWAL IBB,5,$15000.00,$3000.00,"2014-12-03, 2014-11-27, 2014-11-21",
42,SUSHI KOON,5,$83.30,$16.66,"2020-11-20, 2020-01-23, 2019-07-26",
43,BRANCH TRANSACTION EFT DEBIT REVERSAL WOODRIDGE FORD,5,$4623.96,$924.79,"2017-09-18, 2017-05-17, 2017-04-17",
44,A&W,5,$105.75,$21.15,"2014-06-06, 2014-06-04, 2014-06-03",
45,PART SOURCE,4,$327.99,$82.00,"2014-05-27, 2014-04-07, 2013-10-11",
46,BUCK OR TWO,4,$384.30,$96.08,"2013-09-25, 2013-01-18, 2012-12-10",
47,WAL-MART,4,$416.74,$104.19,"2013-11-22, 2013-10-25, 2013-10-21",
48,BRANCH TRANSACTION WITHDRAWAL 188 GAETZAVE & 67TH ST,4,$10611.11,$2652.78,"2014-10-10, 2014-10-01, 2014-09-24",
49,PC-EMAIL MONEY TRF,4,$3051.00,$762.75,"2013-10-07, 2013-07-15, 2013-06-26",
50,ARBYS,4,$45.64,$11.41,"2014-01-06, 2013-05-07, 2013-04-25",
51,MCAP SERVICE CORP MORTGAGE,4,$3702.94,$925.74,"2015-03-02, 2015-02-17, 2015-02-02",
52,DRAFT FEE,4,$30.00,$7.50,"2015-11-13, 2014-04-09, 2014-01-24",
53,POINTOFSALE-VISA DEBIT INTLVISA DEB RETAIL PURCHASE,4,$421.97,$105.49,"2014-09-11, 2014-09-10",
54,SAVE ON FOODS,4,$428.47,$107.12,"2013-10-15, 2013-06-28, 2013-04-25",
55,MR SUDS,4,$29.60,$7.40,"2014-04-04, 2012-08-24, 2012-08-20",
56,STEPHEN MEEK,4,$5520.93,$1380.23,"2014-03-27, 2014-02-19, 2014-02-10",
57,GEORGE'S PIZZA,4,$209.44,$52.36,"2013-09-27, 2013-07-26, 2013-04-09",
58,7 ELEVEN,4,$443.19,$110.80,"2013-11-26, 2013-08-30, 2013-03-13",
59,MIKASA PERFORMANCE,4,$1698.53,$424.63,"2014-05-13, 2014-03-26, 2014-03-11",
60,SQUARE PAYMENT PROCESSING,3,$1455.51,$485.17,"2017-08-25, 2017-05-02, 2014-06-15",
61,LMS,3,$-427.28,$-142.43,"2020-06-08, 2020-05-13, 2019-06-03",
62,[THE BRICK],3,$226.57,$75.52,"2014-09-29, 2014-09-22, 2014-07-18",
63,STAPLES,3,$365.91,$121.97,"2012-10-11, 2012-10-10, 2012-10-09",
64,JEANNIE SHILLINGTON,3,$2884.44,$961.48,"2014-05-09, 2014-04-08, 2014-02-11",
65,MGM FORD,3,$2024.51,$674.84,"2014-05-30, 2014-01-23, 2012-07-09",
66,PAYMENT VISA ROYAL BANK,3,$2800.00,$933.33,"2015-07-14, 2014-08-11, 2014-08-08",
67,HOME DEPOT,3,$854.78,$284.93,"2013-05-17, 2012-07-20, 2012-07-13",
68,GERALD SKANDERUP,3,$2813.72,$937.91,"2014-05-12, 2014-04-10, 2014-03-11",
69,MCAP SERVICE,3,$3601.68,$1200.56,"2014-12-01, 2014-11-03, 2014-10-01",
70,WINDSHIELD SURGEONS,3,$614.25,$204.75,"2013-09-11, 2013-07-05, 2013-07-03",
71,COMMUNICATIONS GROUP,3,$378.00,$126.00,"2013-04-29, 2013-04-12, 2013-01-22",
72,MACS CONV,3,$34.34,$11.45,"2013-05-10, 2012-10-19, 2012-08-17",
73,LOCKED SOLID LOCKSMITH,3,$225.75,$75.25,"2013-05-07, 2012-07-26",
74,CITY CENTER VACUUM,3,$1230.60,$410.20,"2014-01-23, 2013-10-15, 2013-03-27",
75,BIG 105,3,$1974.00,$658.00,"2014-06-02, 2014-05-09, 2014-03-07",
76,CELLCOM WIRELESS INC,3,$461.41,$153.80,"2013-12-16, 2013-07-08, 2013-07-05",
77,CLEARVIEW DENTAL,3,$1092.00,$364.00,"2014-03-31, 2014-01-22, 2014-01-08",
78,RED DEER BUFFET,3,$122.52,$40.84,"2014-02-19, 2014-01-02, 2013-01-22",
79,NORMAN THERRIER,3,$2515.50,$838.50,"2014-06-06, 2014-05-29, 2014-04-10",
80,CALGARY AIRPORT AUTHORITY,3,$129.25,$43.08,"2014-04-21, 2013-04-29, 2012-10-30",
81,PRAIRIE OFFICE PLUS,2,$528.52,$264.26,"2013-10-23, 2012-07-31",
82,ABM WITHDRAWAL 1E0U GAETZ AVE + 67TH ST 00339,2,$580.00,$290.00,"2013-03-12, 2013-02-05",
83,NORTH HILL,2,$109.84,$54.92,"2013-10-28, 2013-10-18",
84,NORM THERRIER,2,$1675.16,$837.58,"2014-04-07, 2014-02-11",
85,THE RANCH HOUSE,2,$78.77,$39.38,"2013-04-10, 2013-03-13",
86,DOUG REDMOND,2,$2023.36,$1011.68,2014-03-24,
87,BRANCH TRANSACTION WITHDRAWAL IBB CLEARVIEW BANKING,2,$2900.00,$1450.00,"2014-08-11, 2014-07-16",
88,BOSTON PIZZA,2,$119.91,$59.95,"2013-03-27, 2013-03-15",
89,DRAGON CITY CAFE,2,$74.01,$37.01,"2014-04-28, 2014-03-27",
90,VISA DEBIT PAYMENT,2,$937.28,$468.64,"2013-02-11, 2013-02-04",
91,TIRE GARAGE,2,$1049.01,$524.50,"2014-01-30, 2013-12-12",
92,MARC COTE,2,$314.96,$157.48,"2014-03-25, 2014-02-18",
93,WENDYS,2,$23.87,$11.94,"2014-05-21, 2014-04-17",
94,A BUCK OR TWO,2,$151.20,$75.60,"2013-06-28, 2013-05-23",
95,EMAIL MONEY TRANSFER FEE,2,$2.00,$1.00,"2014-04-24, 2014-04-17",
96,HABITAT FOR HUMANITY,2,$395.00,$197.50,"2012-08-07, 2012-07-18",
97,RONA,2,$150.09,$75.05,"2014-01-09, 2013-07-08",
98,EMAIL MONEY TRF,2,$1520.12,$760.06,"2013-11-22, 2013-11-14",
99,OTHER,2,$200.00,$100.00,"2013-10-11, 2013-10-03",
100,GEORGE'S PIZZA AND STE,2,$75.21,$37.60,"2013-09-20, 2013-08-08",
101,IFS PREMIUM FINANCING,2,$4766.48,$2383.24,"2013-08-26, 2013-07-24",
102,THE BAY,2,$176.39,$88.19,"2014-05-12, 2014-04-28",
103,BRANCH TRANSACTION EFT DEBIT REVERSAL ASI FINANCE,2,$1693.99,$847.00,"2017-09-14, 2017-06-14",
104,SUBWAY,2,$49.49,$24.75,"2014-05-08, 2012-11-22",
105,PURCHASE UNKNOWN,2,$93.05,$46.52,2014-06-09,
106,NSF RETURNED ITEM,2,$4425.75,$2212.88,2012-10-30,
107,EAST SIDE MARIOS,2,$156.25,$78.12,"2014-03-24, 2014-01-27",
108,PET PLANET,2,$107.08,$53.54,"2013-08-12, 2013-06-24",
109,BRANCH TRANSACTION WITHDRAWAL IBB CLEARVIEWBANKING,2,$1307.66,$653.83,"2014-07-18, 2014-06-30",
110,GLOBAL PET FOODS,2,$137.53,$68.77,"2014-05-09, 2012-11-22",
111,PROV COURT RED DEER,2,$2250.00,$1125.00,"2017-03-17, 2015-12-14",
112,UNKNOWN TRANSACTION,2,$284.25,$142.12,"2014-08-26, 2014-07-07",
113,MCDONALD'S #402,2,$36.39,$18.20,"2025-08-18, 2025-03-28",
114,LOUISE BERGLUND - ACCOUNTANT,2,$2900.00,$1450.00,"2014-10-17, 2014-06-20",
115,[WOK BOX],2,$36.17,$18.09,2014-10-24,
116,MONEY ORDER,2,$1155.66,$577.83,"2013-12-30, 2012-06-21",
117,RETAIL PURCHASE 000001001078 RIFCO INC.,1,$1000.00,$1000.00,2014-11-25,
118,EMAIL TRANSFER - INTERNET BANKING E-TRANSFER 000000157831 KEITH DIXON,1,$200.00,$200.00,2014-08-18,
119,INTERNET BANKING INTERNET BILL PAY 000000614546,1,$140.00,$140.00,2014-10-16,
120,INTERNET BANKING CORRECTION 000000755040,1,$2000.00,$2000.00,2014-10-17,
121,INTERAC RETAIL PURCHASE 001001001008 BOULEVARD RESTA,1,$15.45,$15.45,2017-07-17,
122,EMAIL TRANSFER - INTERNET BANKING E-TRANSFER 000000821628 KIMBERLEYA,1,$82.69,$82.69,2014-10-10,
123,EMAIL TRANSFER - INTERNET BANKING E-TRANSFER 000000242803 ELLIOTT MARION,1,$1023.50,$1023.50,2017-06-05,
124,[TONY ROMAS],1,$365.72,$365.72,2014-09-25,
125,INTERAC RETAIL PURCHASE 199001001094 REAL CDN. WHOLE,1,$83.77,$83.77,2017-06-16,
126,[RED LOBSTER],1,$591.00,$591.00,2014-09-26,
127,[ALLSTATE],1,$1192.94,$1192.94,2014-07-07,
128,INTERAC RETAIL PURCHASE 000001001293 THE TIRE GARAGE,1,$1566.81,$1566.81,2017-06-27,
129,INTERAC RETAIL PURCHASE 000001663031 22184 MACS CONV,1,$0.79,$0.79,2017-04-26,
130,LE CHATEAU,1,$52.45,$52.45,2013-10-15,
131,INTERAC RETAIL PURCHASE 717316762147 HI-TECH RADIATO,1,$1300.97,$1300.97,2017-06-22,
132,SHOE CHALET,1,$72.45,$72.45,2013-04-19,
133,CPC / SCP RC PURCHASE,1,$25.46,$25.46,2012-12-06,
134,EMAIL TRANSFER - INTERNET BANKING E-TRANSFER 100021833297 MELISSA FLINN,1,$278.00,$278.00,2017-07-31,
135,EMAIL TRANSFER - INTERNET BANKING E-TRANSFER 000000222352 DAVID CANYON SKI,1,$15.00,$15.00,2017-05-15,
136,CDARD D,1,$211.75,$211.75,2014-06-09,
137,E-TRANSFER 000000010405 PURSUIT ADVENTURE,1,$1265.00,$1265.00,2014-11-24,
138,HMV,1,$81.88,$81.88,2013-06-05,
139,INTERAC RETAIL PURCHASE 210001001020 RED DEER REGIST,1,$92.45,$92.45,2017-10-23,
140,INTERAC RETAIL PURCHASE 000001091013 PLENTY OF LIQUO,1,$129.00,$129.00,2017-08-15,
141,REAL CDN. WHOLESALE CL,1,$81.22,$81.22,2013-05-23,
142,INTERAC RETAIL PURCHASE 711722367615 CINEPLEX,1,$42.19,$42.19,2017-04-28,
143,EMAIL TRANSFER - INTERNET BANKING E-TRANSFER 000000058752 M3 OILFIELD,1,$1697.79,$1697.79,2014-08-29,
144,INTERAC RETAIL PURCHASE 000001053008 PLENTY OF LIQUO,1,$110.00,$110.00,2017-09-08,
145,INTERAC RETAIL PURCHASE 000001001923 RIFCO NATIONAL,1,$860.09,$860.09,2017-07-17,
146,EMAIL TRANSFER - INTERNET BANKING E-TRANSFER 000000259054 JEANNIE SHILLINGTON,1,$300.00,$300.00,2017-07-10,
147,CORRECTION 752.56,1,$752.56,$752.56,2014-12-17,
148,VISA DEBIT VISA DEBIT PURCHASE REVERSAL APL* ITUNES.COM T17192226858,1,$0.99,$0.99,2017-07-12,
149,PHOENIX BUFFET,1,$29.28,$29.28,2014-05-09,
150,EMAIL TRANSFER - INTERNET BANKING E-TRANSFER 100201458425 DAVID RICHARD,1,$1500.00,$1500.00,2017-09-13,
151,EMAIL TRANSFER - INTERNET BANKING E-TRANSFER 100036653875 MICHAEL RICHARD,1,$444.00,$444.00,2017-08-03,
152,INTERAC RETAIL PURCHASE 000001001055 TROUBLED MONK B,1,$13.65,$13.65,2017-09-08,
153,EMAIL TRANSFER - INTERNET BANKING E-TRANSFER STOP 000000203162,1,$737.56,$737.56,2014-07-16,
154,INTERAC RETAIL PURCHASE 082001001008 RED DEER REGIST,1,$58.90,$58.90,2017-05-26,
155,MISC PAYMENT AMEX,1,$275.30,$275.30,2013-07-08,
156,VISA DEBIT VISA DEBIT RETAIL PURCHASE APL* ITUNES.COM 719393638476,1,$0.99,$0.99,2017-07-13,
157,INTERAC RETAIL PURCHASE 000001086021 PLENTY OF LIQUO,1,$293.06,$293.06,2017-08-10,
158,MGM FORD REFUND,1,$863.47,$863.47,2012-07-25,
159,FLEET BRAKE,1,$351.70,$351.70,2014-06-04,
160,EMAIL TRANSFER - INTERNET BANKING E-TRANSFER 000000239110 VALERIE FRANCES GARDNER,1,$332.50,$332.50,2017-05-26,
161,[EAST SIDE MARIOS],1,$62.00,$62.00,2014-07-14,
162,CAPITAL ONE MCARD PAYMENT,1,$646.57,$646.57,2012-10-22,
163,JYSK CANADA,1,$335.99,$335.99,2014-04-28,
164,EMAIL TRANSFER - INTERNET BANKING E-TRANSFER 100283326291 JASON ROGERS ARMOR HEATCO,1,$200.00,$200.00,2017-10-18,
165,INTERNET BANKING CORRECTION 000000252641,1,$2000.00,$2000.00,2017-07-05,
166,EMAIL TRANSFER - HANNAH KONDAS,1,$899.25,$899.25,2025-09-15,
167,EMAIL TRANSFER - INTERNET BANKING E-TRANSFER 100195741109 MICHEL ROCHETTE,1,$200.00,$200.00,2017-09-11,
168,MR -LUBE,1,$62.98,$62.98,2013-04-23,
169,CPC/SCP,1,$46.91,$46.91,2013-07-31,
170,EMAIL TRANSFER - INTERNET BANKING E-TRANSFER 100045422803 MICHAEL RICHARD,1,$400.00,$400.00,2017-08-08,
171,TAMMY PETITIT,1,$1458.88,$1458.88,2013-10-05,
172,VISA DEBIT VISA DEBIT RETAIL PURCHASE CALGARY PARKING 716318933061,1,$50.00,$50.00,2017-06-12,
173,CENEPLEX,1,$34.24,$34.24,2014-01-28,
174,EMAIL TRANSFER - INTERNET BANKING E-TRANSFER 000000253543 DAVID RICHARD,1,$1900.00,$1900.00,2017-07-05,
175,INTERAC RETAIL PURCHASE 000001606006 HUMPTY'S FAMILY,1,$41.24,$41.24,2017-05-30,
176,"VISA DEBIT INTL VISA DEB RETAIL PURCHASE 1&1 INTERNET, I 715023822202 19.98 USD @ 1.384384",1,$27.66,$27.66,2017-05-31,
177,CORRAL FOODS,1,$24.89,$24.89,2014-02-19,
178,INTERAC RETAIL PURCHASE 000001001196 WAL-MART,1,$25.84,$25.84,2017-07-10,
179,CHI&LI'S PIZZA,1,$36.75,$36.75,2014-02-03,
180,VISA DEBIT VISA DEBIT RETAIL PURCHASE XPLORNET 713321641744,1,$115.49,$115.49,2017-05-15,
181,VISA DEBIT INTL VISA DEB RETAIL PURCHASE IN *LMS 729063566335 130.00 USD @ 1.287231,1,$167.34,$167.34,2017-10-17,
182,RETAIL PURCHASE 431109660067,1,$40.00,$40.00,2014-11-07,
183,VISA DEBIT VISA DEBIT RETAIL PURCHASE APL* ITUNES.COM 709841415975,1,$14.69,$14.69,2017-04-10,
184,E-TRANSFER 000000610676 PAUL MANSELL,1,$150.00,$150.00,2014-12-01,
185,MONEMART PAYMENT,1,$700.00,$700.00,2012-08-27,
186,INTERAC RETAIL PURCHASE 000001155557 PLENTY OF LIQUO,1,$315.01,$315.01,2017-10-24,
187,JUMBO CAR WASH,1,$25.00,$25.00,2013-05-10,
188,RETAIL PURCHASE 000004001341 CENTRATECTH TECH,1,$29.20,$29.20,2014-12-04,
189,INTERAC RETAIL PURCHASE 716816278678 SHERATON RED DE,1,$62.98,$62.98,2017-06-19,
190,SCOTTY'S,1,$204.00,$204.00,2013-03-15,
191,SWISS CHALET,1,$48.50,$48.50,2013-05-21,
192,INTERAC RETAIL PURCHASE 138001001010 RED DEER REGIST,1,$371.80,$371.80,2017-09-25,
193,MCAP SERVICE CORM,1,$1200.56,$1200.56,2015-01-02,
194,BLACK KNIGHT INN,1,$33.90,$33.90,2013-08-30,
195,TONY ROMAS,1,$84.35,$84.35,2012-08-27,
196,MCLEVIN INDUSTRIES INC,1,$420.00,$420.00,2013-03-27,
197,EMAIL TRANSFER - INTERNET BANKING E-TRANSFER 000000033916 KEITH DIXON,1,$300.00,$300.00,2014-10-03,
198,BELL CONNECTIONS,1,$31.45,$31.45,2013-07-31,
199,INTERAC RETAIL PURCHASE 000001888005 R D R H C VOLUN,1,$5.75,$5.75,2017-06-21,
200,EMAIL TRANSFER - INTERNET BANKING E-TRANSFER 100018559806 JORDON WIEBE,1,$205.00,$205.00,2017-07-31,
201,INTERAC RETAIL PURCHASE 000001345022 PHOENIX BUFFET,1,$27.20,$27.20,2017-09-29,
202,RETAIL PURCHASE 038001001058 REAL CDN. WHOLE,1,$39.70,$39.70,2014-12-12,
203,INTERAC RETAIL PURCHASE 184001001122 REAL CDN. WHOLE,1,$206.31,$206.31,2017-06-02,
204,ATR LOGISTICS,1,$550.73,$550.73,2013-12-18,
205,INTERAC RETAIL PURCHASE 716220231805 EAST SIDE MARIO,1,$83.86,$83.86,2017-06-12,
206,INTERAC RETAIL PURCHASE 000001148009 PLENTY OF LIQUO,1,$77.65,$77.65,2017-10-10,
207,INTERAC RETAIL PURCHASE 000001060005 PLENTY OF LIQUO,1,$44.63,$44.63,2017-09-29,
208,VISA DEBIT VISA DEBIT RETAIL PURCHASE APL* ITUNES.COM 727242772876,1,$4.07,$4.07,2017-10-02,
209,[OLD SPAGHETTI FACTORY],1,$38.86,$38.86,2014-07-10,
210,CHO 212,1,$668.38,$668.38,2013-07-12,
211,IPS PREMIUM FINANCE,1,$2383.24,$2383.24,2013-06-24,
212,PREAUTHORIZED DEBIT 338.66,1,$338.66,$338.66,2014-11-21,
213,ERLES,1,$2000.00,$2000.00,2014-04-30,
214,HUGHES,1,$39.32,$39.32,2013-09-13,
215,VISA DEBIT VISA DEBIT RETAIL PURCHASE WESTJET 713823423145,1,$705.86,$705.86,2017-05-19,
216,EMAIL TRANSFER - INTERNET BANKING E-TRANSFER 000000253174 JEANNIE SHILLINGTON,1,$50.00,$50.00,2017-06-20,
217,INTERAC RETAIL PURCHASE 000001101029 PLENTY OF LIQUO,1,$320.00,$320.00,2017-08-25,
218,MISC PAYMENT,1,$0.30,$0.30,2014-04-02,
219,INTERAC RETAIL PURCHASE 723513342764 MARY BROWN'S 90,1,$21.29,$21.29,2017-08-23,
220,VISA DEBIT VISA DEBIT RETAIL PURCHASE APL* ITUNES.COM 728341179413,1,$14.68,$14.68,2017-10-10,
221,COSTCO,1,$556.49,$556.49,2014-06-23,
222,INTERAC RETAIL PURCHASE 000001091011 PLENTY OF LIQUO,1,$250.00,$250.00,2017-08-15,
223,VISA DEBIT VISA DEBIT RETAIL PURCHASE APL* ITUNES.COM 721343958208,1,$58.78,$58.78,2017-08-01,
224,INTERNET BANKING INTERNET BILL PAY 000000535284 ENMAX,1,$26.10,$26.10,2014-02-06,
225,VISA DEBIT VISA DEBIT RETAIL PURCHASE APL* ITUNES.COM 714641159005,1,$29.39,$29.39,2017-05-26,
226,EMAIL TRANSFER - INTERNET BANKING E-TRANSFER 100187296469 KIMBERLY BELLEROSE,1,$400.00,$400.00,2017-09-08,
227,INTERAC RETAIL PURCHASE 000001001219 MARK'S STORE,1,$36.74,$36.74,2017-05-02,
228,BIRD RIDES,1,$-20.00,$-20.00,2021-08-30,
229,EMAIL TRANSFER - INTERNET BANKING E-TRANSFER 100135018145 DAVID RICHARD,1,$1600.00,$1600.00,2017-08-25,
230,WINDSFIELD SURGEONS,1,$420.00,$420.00,2013-06-24,
231,INTERAC RETAIL PURCHASE 000001911032 BOSTON PIZZA #,1,$81.57,$81.57,2017-07-04,
232,INTERAC RETAIL PURCHASE 000001301003 CALGARY AIRPORT,1,$9.45,$9.45,2017-04-26,
233,IMAGE REQUEST FEE,1,$1.50,$1.50,2014-03-24,
234,CO OPERATORS,1,$129.00,$129.00,2013-08-08,
235,INTERAC RETAIL PURCHASE 000001001930 MARK'S STORE,1,$107.60,$107.60,2017-05-01,
236,TOMMY GUN'S,1,$39.40,$39.40,2013-11-12,
237,INTERAC RETAIL PURCHASE 000001093002 PLENTY OF LIQUO,1,$192.40,$192.40,2017-10-10,
238,INTERAC RETAIL PURCHASE 000001001674 SAVE ON FOODS,1,$2.61,$2.61,2017-07-05,
239,INTERAC RETAIL PURCHASE 000001101030 PLENTY OF LIQUO,1,$110.00,$110.00,2017-08-25,
240,INTERAC RETAIL PURCHASE 000001100013 PINK BOW,1,$55.84,$55.84,2017-10-05,
241,EMAIL TRANSFER - INTERNET BANKING E-TRANSFER 000000336173 JENNIE FISCHER,1,$435.00,$435.00,2014-10-06,
242,EMAIL TRANSFER - INTERNET BANKING E-TRANSFER 000000252641 DAVID RICHARD,1,$2000.00,$2000.00,2017-07-05,
243,ONE STOP LICENCE SHOP,1,$69.95,$69.95,2013-05-10,
244,"VISA DEBIT INTL VISA DEB RETAIL PURCHASE 1&1 INTERNET, I 718323351209 19.98 USD @ 1.333834",1,$26.65,$26.65,2017-07-04,
245,E-TRANSFER 000000522700 DEIRDRE NELSON,1,$1297.39,$1297.39,2014-12-01,
246,SUPER CLEAN,1,$9.00,$9.00,2012-09-24,
247,DOLLAR TREE,1,$13.13,$13.13,2014-02-21,
248,EMAIL TRANSFER - INTERNET BANKING E-TRANSFER 000000642627 SHARON FISHER,1,$737.56,$737.56,2014-07-16,
249,CHEQUE 412.32,1,$412.32,$412.32,2015-08-31,
250,INTERAC RETAIL PURCHASE 000001001454 SULLY CHAPMAN B,1,$1500.00,$1500.00,2017-06-05,
251,INTERAC RETAIL PURCHASE 000001135050 PLENTY OF LIQUO,1,$172.14,$172.14,2017-09-28,
252,A&W EDMON,1,$9.71,$9.71,2013-09-19,
253,INTERAC RETAIL PURCHASE 000001001933 TROUBLED MONK B,1,$27.30,$27.30,2017-10-06,
254,SOURCE,1,$47.23,$47.23,2013-03-08,
255,INTERAC RETAIL PURCHASE 000001001085 AGLC RED DEER,1,$200.00,$200.00,2017-10-05,
256,EMAIL TRANSFER - INTERNET BANKING E-TRANSFER 100065627221 DAVID RICHARD,1,$623.25,$623.25,2017-08-10,
257,INTERAC RETAIL PURCHASE 000001105008 PLENTY OF LIQUO,1,$180.00,$180.00,2017-08-29,
258,INTERAC RETAIL PURCHASE 209001001021 RED DEER REGIST,1,$77.45,$77.45,2017-10-20,
259,JON KERSH,1,$1288.16,$1288.16,2014-02-10,
260,BED BATH & BEYOND,1,$62.96,$62.96,2013-10-15,
261,INTERAC RETAIL PURCHASE 716215132944 CINEPLEX,1,$37.51,$37.51,2017-06-12,
262,INTERNET BANKING INTERNET BILL PAY 000000039421,1,$300.00,$300.00,2014-07-22,
263,VISA DEBIT INTL VISA DEB RETAIL PURCHASE INFINITE INNOVA 729619201762 258.80 USD @ 1.294745,1,$335.08,$335.08,2017-10-23,
264,INTERAC RETAIL PURCHASE 000001933038 GEORGE'S PIZZA,1,$24.53,$24.53,2017-07-24,
265,INTERAC RETAIL PURCHASE 000591420512 HOCKEY CENTRAL,1,$21.93,$21.93,2017-05-12,
266,VILLAGE CHIROPRACTIOR,1,$35.00,$35.00,2012-12-19,
267,O2'S TAP HOUSE & GRILL EDMON,1,$37.73,$37.73,2013-09-24,
268,SLEEP COUNTRY,1,$98.00,$98.00,2014-01-27,
269,INTERAC RETAIL PURCHASE 000001057001 PLENTY OF LIQUO,1,$180.00,$180.00,2017-09-22,
270,INTERAC RETAIL PURCHASE 000001048017 SUPER CLEAN CAR,1,$8.00,$8.00,2017-08-14,
271,EMAIL TRANSFER - INTERNET BANKING E-TRANSFER 100070469330 NOLIN MAURIER,1,$315.00,$315.00,2017-08-10,
272,PIZZA HUT,1,$13.10,$13.10,2019-09-30,
273,INTERAC RETAIL PURCHASE 000001173004 7 ELEVEN STORE,1,$60.00,$60.00,2017-04-20,
274,VILLAGE CHIROPRACTIC,1,$40.00,$40.00,2013-06-10,
275,E-TRANSFER 000000442439 DAVID RICHARD,1,$960.00,$960.00,2014-12-18,
276,INTERAC RETAIL PURCHASE 000001648063 CENTRAL ALBERTA,1,$41.00,$41.00,2017-10-02,
277,INTERAC RETAIL PURCHASE 040001001103 PHIL'S RESTAURA,1,$68.04,$68.04,2017-06-12,
278,REAL CANADIAN WHOLESALE,1,$75.85,$75.85,2012-08-20,
279,MARKS WORK WEARHOUSE,1,$36.74,$36.74,2013-10-11,
280,VISA DEBIT VISA DEBIT RETAIL PURCHASE APL* ITUNES.COM 716573151401,1,$1.29,$1.29,2017-06-14,
281,INTERAC RETAIL PURCHASE 000001155165 PLENTY OF LIQUO,1,$24.84,$24.84,2017-10-19,
282,INTERAC RETAIL PURCHASE 000001060004 PLENTY OF LIQUO,1,$165.05,$165.05,2017-09-29,
283,INTERAC RETAIL PURCHASE 274001001023 COPIES NOW,1,$94.50,$94.50,2017-09-29,
284,EMAIL TRANSFER - INTERNET BANKING E-TRANSFER 000000289524 JEANNIE SHILLINGTON,1,$500.00,$500.00,2017-07-20,
285,EMAIL TRANSFER - INTERNET BANKING E-TRANSFER 000000281263 ERIK RICHARD,1,$300.00,$300.00,2017-04-12,
286,EMAIL TRANSFER - INTERNET BANKING E-TRANSFER 100178699081 DAVID RICHARD,1,$2000.00,$2000.00,2017-09-06,
287,EMAIL TRANSFER - INTERNET BANKING E-TRANSFER 100096302555 DAVID W RICHARD,1,$300.00,$300.00,2017-08-16,
288,CHAPTERS,1,$64.50,$64.50,2013-04-29,
289,INTERAC RETAIL PURCHASE 000001648064 CENTRAL ALBERTA,1,$59.17,$59.17,2017-10-02,
290,INTERAC RETAIL PURCHASE 000001091015 PLENTY OF LIQUO,1,$200.00,$200.00,2017-08-15,
291,E-TRANSFER 000000785409 JAMES MOORE,1,$300.00,$300.00,2014-12-16,
292,EMAIL TRANSFER - INTERNET BANKING E-TRANSFER 000000235084 JENNIE FISCHER,1,$150.00,$150.00,2014-09-30,
293,DOUGLAS REDMOND,1,$1910.96,$1910.96,2013-12-10,
294,INTERAC RETAIL PURCHASE 140001001005 INDY GRAPHICS G,1,$401.63,$401.63,2014-06-24,
295,JACK CARTER LEASE L08136,1,$1885.65,$1885.65,2012-12-17,
296,EMAIL TRANSFER - INTERNET BANKING E-TRANSFER 000000277294 NATHAN WEBER,1,$195.75,$195.75,2017-07-05,
297,INTERAC RETAIL PURCHASE 000001096004 PINK BOW,1,$35.02,$35.02,2017-09-28,
298,PREAUTHORIZED DEBIT 1183.14,1,$1183.14,$1183.14,2014-12-17,
299,VISA DEBIT VISA DEBIT RETAIL PURCHASE APL* ITUNES.COM 720442584802,1,$3.87,$3.87,2017-07-24,
300,CHEQUE 285 0000000443Z4877,1,$200.00,$200.00,2013-03-14,
301,RETAIL PURCHASE 000001001715 WENDY'S # 6810,1,$16.04,$16.04,2014-12-08,
302,INTERAC RETAIL PURCHASE 000001001015 WAL-MART,1,$14.28,$14.28,2017-04-17,
303,PREAUTHORIZED DEBIT 391.16,1,$391.16,$391.16,2014-11-28,
304,CHQ 6,1,$138.96,$138.96,2012-07-06,
305,INTERAC RETAIL PURCHASE 000001001503 KIPP SCOTT GMC,1,$110.00,$110.00,2017-04-21,
306,CHQ,1,$2000.00,$2000.00,2014-05-06,
307,INTERAC RETAIL PURCHASE 000001375004 PRAIRIE OFFICE,1,$52.40,$52.40,2017-09-25,
308,EMAIL TRANSFER - INTERNET BANKING E-TRANSFER 100236848258 KIMBERLY BELLEROSE,1,$444.08,$444.08,2017-09-25,
309,SYLVAN ELECTRONIC SERV,1,$75.00,$75.00,2013-05-30,
310,INTERAC RETAIL PURCHASE 719321973065 CINEPLEX,1,$35.11,$35.11,2017-07-13,
311,EMAIL TRANSFER - INTERNET BANKING E-TRANSFER 100105559973 JEANNIE SHILLINGTON,1,$300.00,$300.00,2017-08-18,
312,TOYS R US,1,$145.87,$145.87,2013-12-19,
313,INTERAC RETAIL PURCHASE 000001074004 SUPER CLEAN CAR,1,$10.00,$10.00,2017-09-07,
314,VISA DEBIT INTL VISA DEB RETAIL PURCHASE IN *LMS 721461467151 130.00 USD @ 1.286923,1,$167.30,$167.30,2017-08-02,
315,DON MALCONSEN,1,$550.00,$550.00,2014-04-07,
316,THE CIDY OF RED DEER,1,$355.00,$355.00,2014-02-03,
317,INTERAC RETAIL PURCHASE 000001131026 PLENTY OF LIQUO,1,$92.00,$92.00,2017-09-25,
318,EMAIL TRANSFER - INTERNET BANKING E-TRANSFER 000000776996 ELLE PRESLEY,1,$75.00,$75.00,2014-08-13,
319,PATTY FAMILY RESTAURANT,1,$31.46,$31.46,2012-10-22,
320,SUPER CLEAN CAR,1,$-7.35,$-7.35,2019-04-08,
321,EMAIL TRANSFER - INTERNET BANKING E-TRANSFER 000000338196 SEAN VAN,1,$430.06,$430.06,2014-08-11,
322,VISA DEBIT VISA DEBIT RETAIL PURCHASE DECO WINDSHIELD 717018385561,1,$126.00,$126.00,2017-06-19,
323,INTERAC RETAIL PURCHASE 000597320511 ALTALAW LLP,1,$635.41,$635.41,2017-05-11,
324,RETAIL PURCHASE 000001001005,1,$50.01,$50.01,2014-11-07,
325,EMAIL TRANSFER - INTERNET BANKING E-TRANSFER 100056614296 DAVID RICHARD,1,$1300.00,$1300.00,2017-08-08,
326,JOSH LYCKLAMA,1,$700.00,$700.00,2014-03-10,
327,[STORE 600],1,$72.38,$72.38,2014-09-15,
328,INTERAC RETAIL PURCHASE 000001091012 PLENTY OF LIQUO,1,$285.00,$285.00,2017-08-15,
329,INTERAC RETAIL PURCHASE 719321972586 CINEPLEX,1,$23.98,$23.98,2017-07-13,
330,"INTERNET BANKING INTERNET BILL PAY000000119784VISA,",1,$2000.00,$2000.00,2014-08-11,
331,INTERAC RETAIL PURCHASE 000001001001 CAM CLARK FORD,1,$345.87,$345.87,2017-08-29,
332,WILLIAMS STATIONERY,1,$1021.52,$1021.52,2012-07-27,
333,INTERAC RETAIL PURCHASE 713322570107 SHERATON RED DE,1,$64.48,$64.48,2017-05-15,
334,INTERAC RETAIL PURCHASE 000001001931 MARK'S STORE,1,$73.49,$73.49,2017-05-01,
335,INTERAC RETAIL PURCHASE 719322129341 BIKER CAVE & FU,1,$780.00,$780.00,2017-07-12,
336,VISA DEBIT VISA DEBIT RETAIL PURCHASE APL* ITUNES.COM 712741517975,1,$1.46,$1.46,2017-05-08,
337,UNKNOWN VENDOR,1,$130.07,$130.07,2013-08-12,
338,TOMMY GUNS,1,$34.40,$34.40,2014-05-12,
339,EMAIL TRANSFER - INTERNET BANKING E-TRANSFER 100024761283 BRETT HOPFE,1,$500.00,$500.00,2017-07-31,
340,INTERAC RETAIL PURCHASE 000001075001 PINK BOW,1,$33.51,$33.51,2017-09-07,
341,MONGOLIE GRILL-RED DEE,1,$74.58,$74.58,2013-11-15,
342,PROVINCIAL COURT,1,$250.00,$250.00,2013-03-25,
343,VISA DEBIT INTL VISA DEB RETAIL PURCHASE IN *LMS 727162492163 500.00 USD @ 1.279700,1,$639.85,$639.85,2017-09-28,
344,VISA DEBIT VISA DEBIT RETAIL PURCHASE APL* ITUNES.COM 728542345313,1,$29.39,$29.39,2017-10-12,
345,INTERNET BANKING INTERNET BILL PAY 000000922879 ENMAX,1,$201.12,$201.12,2014-04-21,
346,INTERAC RETAIL PURCHASE 728416464834 VILLAGE CHIROPR,1,$40.00,$40.00,2017-10-11,
347,INTERAC RETAIL PURCHASE 000001100046 PLENTY OF LIQUO,1,$455.00,$455.00,2017-08-24,
348,INTERAC RETAIL PURCHASE 000001074031 SUPER CLEAN CAR,1,$10.00,$10.00,2017-05-03,
349,EMAIL TRANSFER - INTERNET BANKING E-TRANSFER 000000223424 DAVID W RICHARD,1,$2300.00,$2300.00,2017-05-16,
350,VISA DEBIT INTL VISA DEB RETAIL PURCHASE WEDDING AND PAR 724120010148 300.00 USD @ 1.282533,1,$384.76,$384.76,2017-08-29,
351,DAIRY QUEEN #26,1,$-5.76,$-5.76,2024-07-25,
352,CENTRATECH TECH SVCS,1,$79.39,$79.39,2012-07-09,
353,INTERAC RETAIL PURCHASE 000001423117 A&W,1,$10.58,$10.58,2017-10-18,
354,KINSMEN CLUB,1,$510.00,$510.00,2013-10-21,
355,INTERAC RETAIL PURCHASE 000001122070 PLENTY OF LIQUO,1,$115.00,$115.00,2017-09-18,
356,EMAIL TRANSFER - KENDRA IRVINE,1,$179.70,$179.70,2025-10-10,
357,EMAIL TRANSFER - INTERNET BANKING E-TRANSFER 000000224209 MARK LINTON,1,$325.00,$325.00,2017-05-01,
358,INTERAC RETAIL PURCHASE 000001101032 PLENTY OF LIQUO,1,$57.62,$57.62,2017-08-25,
359,EMAIL TRANSFER - INTERNET BANKING E-TRANSFER 000000221305 MICHAEL RICHARD,1,$650.00,$650.00,2017-04-25,
360,EMAIL TRANSFER - INTERNET BANKING E-TRANSFER 000000267142 MONIQUE,1,$150.00,$150.00,2017-06-20,
361,NON-SUFFICIENT FUNDS CHARGE,1,$45.00,$45.00,2014-12-17,
362,EMAIL TRANSFER - INTERNET BANKING E-TRANSFER 000000276016 DAVID RICHARD,1,$1000.00,$1000.00,2017-06-15,
363,INTERAC RETAIL PURCHASE 000001087060 PLENTY OF LIQUO,1,$101.14,$101.14,2017-08-14,
364,INTERAC RETAIL PURCHASE 549001001002 RED DEER REGIST,1,$531.30,$531.30,2014-06-25,
365,INTERAC RETAIL PURCHASE 000001001088 PART SOURCE,1,$27.29,$27.29,2017-09-07,
366,REVERSAL 443Z4877,1,$200.00,$200.00,2013-03-14,
367,INTERAC RETAIL PURCHASE 000001091014 PLENTY OF LIQUO,1,$84.58,$84.58,2017-08-15,
368,INTERAC RETAIL PURCHASE 000001047001 PLENTY OF LIQUO,1,$67.55,$67.55,2017-08-29,
369,INTERAC RETAIL PURCHASE 000001087008 PLENTY OF LIQUO,1,$208.67,$208.67,2017-08-11,
370,EMAIL TRANSFER - INTERNET BANKING E-TRANSFER 000000220147 DAVID RICHARD,1,$700.00,$700.00,2017-04-25,
371,INTERAC RETAIL PURCHASE 655001001083 REAL CDN. WHOLE,1,$81.48,$81.48,2017-07-21,
372,INTERAC RETAIL PURCHASE 000001004001 SUPER CLEAN CAR,1,$10.00,$10.00,2017-06-29,
373,INTERNET BANKING INTERNET BILL PAY000000528955 DIRECT,1,$52.65,$52.65,2014-09-16,
374,INTERAC RETAIL PURCHASE 000001061006 PINK BOW,1,$41.18,$41.18,2017-08-24,
375,INTERAC RETAIL PURCHASE 000001093004 MONGOLIE GRILL,1,$41.64,$41.64,2017-05-09,
376,MCDONALD'S #297,1,$18.65,$18.65,2023-05-05,
377,RETAIL PURCHASE 000001017034,1,$83.31,$83.31,2014-12-11,
378,EMAIL MONEY TRANSFER FEE 2,1,$1.00,$1.00,2013-07-02,
379,DAIRY QUEEN,1,$8.48,$8.48,2013-03-27,
380,EMAIL TRANSFER - INTERNET BANKING E-TRANSFER 100037141018 CARYL-ANN PASTOR,1,$175.00,$175.00,2017-08-03,
381,SYLVAN ELECTRONIC,1,$50.00,$50.00,2013-11-07,
382,VISA DEBIT INTL VISA DEB RETAIL PURCHASE IN *LMS 715266234378 130.00 USD @ 1.386308,1,$180.22,$180.22,2017-06-01,
383,MIKASSA,1,$390.00,$390.00,2014-03-06,
384,VISA DEBIT INTL VISA DEB RETAIL PURCHASE IN *LMS 722961985739 563.00 USD @ 1.309112,1,$737.03,$737.03,2017-08-17,
385,MARK COTE,1,$169.26,$169.26,2014-02-18,
386,INTERAC RETAIL PURCHASE 144001001015 RED DEER REGIST,1,$597.00,$597.00,2017-07-18,
387,INTERAC RETAIL PURCHASE 000001204012 MILANO FOR MEN,1,$153.85,$153.85,2017-05-10,
388,INTERAC RETAIL PURCHASE 676001001147 REAL CDN. WHOLE,1,$90.21,$90.21,2017-08-11,
389,INTERAC RETAIL PURCHASE 000001101100 PLENTY OF LIQUO,1,$120.00,$120.00,2017-08-28,
390,INTERAC RETAIL PURCHASE 000001001035 PHOENIX BUFFET,1,$48.95,$48.95,2017-10-19,
391,"VISA DEBIT INTL VISA DEB RETAIL PURCHASE 1&1 INTERNET, I 710123822920 19.98 USD @ 1.369369",1,$27.36,$27.36,2017-04-12,
392,EQUITY PEREMIUM FINANCE,1,$1157.94,$1157.94,2014-02-19,
393,RETAIL PURCHASE 000001639020 TOMMY GUN'S ORI,1,$15.00,$15.00,2014-12-11,
394,VISA DEBIT INTL VISA DEB RETAIL PURCHASE IN *LMS 712167200114 130.00 USD @ 1.404077,1,$182.53,$182.53,2017-05-01,
395,EMAIL MONEY TRANSFER FEE 3,1,$1.00,$1.00,2013-07-02,
396,VISA DEBIT VISA DEBIT RETAIL PURCHASE APL* ITUNES.COM 722343391403,1,$7.34,$7.34,2017-08-11,
397,VISA DEBIT VISA DEBIT RETAIL PURCHASE APL* ITUNES.COM 719742153331,1,$3.87,$3.87,2017-07-17,
398,RETAIL PURCHASE 431721683446 CINEPLEX,1,$35.25,$35.25,2014-11-14,
399,EMAIL TRANSFER - INTERNET BANKING E-TRANSFER 100100537051 DAVID RICHARD,1,$300.00,$300.00,2017-08-17,
400,INTERAC RETAIL PURCHASE 000001075002 585 CASH MONEY,1,$500.00,$500.00,2017-10-12,
401,KAREN RICHARD,1,$2000.00,$2000.00,2014-05-05,
402,E-TRANSFER 000000179119 KEITH DIXON,1,$600.00,$600.00,2014-11-24,
403,RETAIL PURCHASE 713108556301 THE HOME DEPOT,1,$64.77,$64.77,2014-11-25,
404,THE KEY HOLE,1,$18.38,$18.38,2012-10-18,
405,INTERAC RETAIL PURCHASE 064001001053 KFC NORTH HILL,1,$9.11,$9.11,2017-05-05,
406,VISA DEBIT VISA DEBIT RETAIL PURCHASE APL* ITUNES.COM 717074415830,1,$1.29,$1.29,2017-06-20,
407,INTERAC RETAIL PURCHASE 000001130121 PLENTY OF LIQUO,1,$205.46,$205.46,2017-09-25,
408,INTERAC RETAIL PURCHASE 000001869020 BOSTON PIZZA #,1,$88.80,$88.80,2017-05-17,
409,INTERAC RETAIL PURCHASE 000001001866 RIFCO NATIONAL,1,$200.00,$200.00,2017-04-07,
410,PREAUTHORIZED DEBIT 222.31,1,$222.31,$222.31,2014-11-28,
411,MID-ALTA MOTORS,1,$300.25,$300.25,2012-07-09,
412,EMAIL TRANSFER - INTERNET BANKING E-TRANSFER 000000167026 MALCOLM MACLEAN,1,$75.00,$75.00,2014-10-21,
413,VISA DEBIT VISA DEBIT RETAIL PURCHASE APL* ITUNES.COM 717673615158,1,$1.29,$1.29,2017-06-26,
414,PREAUTHORIZED DEBIT 121.59,1,$121.59,$121.59,2014-12-01,
415,CORRECTION 000000846931,1,$2000.00,$2000.00,2014-12-11,
416,EMAIL TRANSFER - BRYCE CORNELISSEN,1,$857.13,$857.13,2025-09-29,
417,EMAIL TRANSFER - INTERNET BANKING E-TRANSFER 000000265498 CANDIS S SEIFRIED,1,$205.00,$205.00,2017-04-17,
418,INTERAC RETAIL PURCHASE 000001001457 TACO TIME AB-07,1,$36.65,$36.65,2017-09-06,
419,INTERAC RETAIL PURCHASE 000001155164 PLENTY OF LIQUO,1,$200.97,$200.97,2017-10-19,
420,EMAIL TRANSFER - INTERNET BANKING E-TRANSFER 000000215419 DAVID W RICHARD,1,$2000.00,$2000.00,2017-04-27,
421,REVENUE CANADA,1,$3210.39,$3210.39,2014-02-18,
422,PREAUTHORIZED DEBIT 1200.56,1,$1200.56,$1200.56,2014-12-01,
423,RETAIL PURCHASE 002199398589 C21993 DISCOVER,1,$50.00,$50.00,2014-11-24,
424,INTERAC RETAIL PURCHASE 000001060002 PLENTY OF LIQUO,1,$129.00,$129.00,2017-09-29,
425,EMAIL TRANSFER - INTERNET BANKING E-TRANSFER 000000230410 JOSEPH R RICHARD,1,$3000.00,$3000.00,2017-04-24,
426,EMAIL TRANSFER - INTERNET BANKING E-TRANSFER 000000280542 PAUL RICHARD,1,$2000.00,$2000.00,2014-05-06,
427,JEVCO INSURANCE,1,$268.96,$268.96,2012-10-24,
428,INTERAC RETAIL PURCHASE 000001155009 PLENTY OF LIQUO,1,$285.00,$285.00,2017-10-17,
429,BRANCH TRANSACTION CORRECTION,1,$1456.73,$1456.73,2014-10-22,
430,EMAIL TRANSFER - INTERNET BANKING E-TRANSFER 000000268857 MICHAEL RICHARD,1,$500.00,$500.00,2017-07-20,
431,INTERAC RETAIL PURCHASE 000001189006 7 ELEVEN STORE,1,$133.00,$133.00,2017-05-02,
432,INTERAC RETAIL PURCHASE 000001280007 CALGARY AIRPORT,1,$9.45,$9.45,2017-04-05,
433,CINEPLES,1,$30.07,$30.07,2014-06-02,
434,CHQ 007,1,$148.31,$148.31,2013-05-31,
435,INTERAC RETAIL PURCHASE 000001086031 PLENTY OF LIQUO,1,$50.43,$50.43,2017-08-10,
436,INTERAC RETAIL PURCHASE 000001001857 THINK KITCHEN,1,$16.76,$16.76,2017-04-26,
437,RETAIL PURCHASE 431721683939 CINEPLEX,1,$31.95,$31.95,2014-11-14,
438,INTERNET BANKING CORRECTION 000000273135,1,$2000.00,$2000.00,2014-07-17,
439,REXALL DRUGS,1,$136.69,$136.69,2012-11-08,
440,KEITH DIXSON,1,$1387.63,$1387.63,2014-06-05,
441,CHO 219,1,$2100.00,$2100.00,2013-07-31,
442,INTERAC RETAIL PURCHASE 000001001753 CITY OF RED DEE,1,$39.10,$39.10,2017-08-23,
443,VISA DEBIT VISA DEBIT RETAIL PURCHASE APL* ITUNES.COM 717673615159,1,$146.99,$146.99,2017-06-26,
444,EMAIL TRANSFER - INTERNET BANKING E-TRANSFER 000000893057 JOSHUA STAMP,1,$20.00,$20.00,2014-04-03,
445,VISA DEBIT VISA DEBIT RETAIL PURCHASE APL* ITUNES.COM 710141661915,1,$161.68,$161.68,2017-04-12,
446,RETAIL PURCHASE 000001440004 CALGARY AIRPORT,1,$6.75,$6.75,2014-11-03,
447,INTERAC RETAIL PURCHASE 624001001082 REAL CDN. WHOLE,1,$107.88,$107.88,2017-08-30,
448,NFS RETURN IFS PREMIUM FINANCING,1,$2383.24,$2383.24,2013-07-24,
449,IP FABRICATION LTD,1,$892.50,$892.50,2014-03-10,
450,EMAIL TRANSFER - INTERNET BANKING E-TRANSFER 100287926107 ANGELA NICHOLS,1,$468.00,$468.00,2017-10-20,
451,RCSS,1,$18.45,$18.45,2012-08-27,
452,RETAIL PURCHASE 016001001046 REAL CDN. WHOLE,1,$17.09,$17.09,2014-11-19,
453,VISA DEBIT VISA DEBIT RETAIL PURCHASE APL* ITUNES.COM 709943381396,1,$16.15,$16.15,2017-04-10,
454,EMAIL TRANSFER - INTERNET BANKING E-TRANSFER 000000260386 MICHAEL RICHARD,1,$400.00,$400.00,2017-06-13,
455,PREAUTHORIZED DEBIT 799.03,1,$799.03,$799.03,2014-12-17,
456,INTERAC RETAIL PURCHASE 000001001928 THE CITY OF RED,1,$50.00,$50.00,2017-10-24,
457,MILANO FOR MEN,1,$682.50,$682.50,2013-07-26,
458,EMAIL TRANSFER - INTERNET BANKING E-TRANSFER 000000220649 JEANNIE SHILLINGTON,1,$400.00,$400.00,2017-05-26,
459,INTERAC RETAIL PURCHASE 000001024025 SUPER CLEAN CAR,1,$24.00,$24.00,2017-07-20,
460,VCHARD,1,$2617.50,$2617.50,2013-12-19,
461,INTERAC RETAIL PURCHASE 000001080030 A&W PONOKA,1,$3.68,$3.68,2017-10-02,
462,VISA DEBIT VISA DEBIT RETAIL PURCHASE APL* ITUNES.COM 716342170600,1,$30.85,$30.85,2017-06-12,
463,VISA DEBIT VISA DEBIT RETAIL PURCHASE APL* ITUNES.COM 721244166714,1,$1.29,$1.29,2017-07-31,
464,VISA DEBIT VISA DEBIT RETAIL PURCHASE APL* ITUNES.COM 721643153991,1,$1.29,$1.29,2017-08-04,
465,EMAIL TRANSFER - INTERNET BANKING E-TRANSFER 000000249811 DAVID W RICHARD,1,$3000.00,$3000.00,2017-05-01,
466,INTERAC RETAIL PURCHASE 000001711019 GREGG DIST RED,1,$144.42,$144.42,2017-10-23,
467,DON MALCOMSON,1,$149.31,$149.31,2014-05-12,
468,[STORE 606],1,$21.40,$21.40,2014-10-21,
469,VISA DEBIT VISA DEBIT RETAIL PURCHASE APL* ITUNES.COM 709841416000,1,$29.39,$29.39,2017-04-10,
470,BISTRO SIBERIA,1,$40.64,$40.64,2013-04-12,
471,EMAIL TRANSFER - INTERNET BANKING E-TRANSFER 100196349778 JEANNIE SHILLINGTON,1,$400.00,$400.00,2017-09-11,
472,ABM FEE,1,$1.50,$1.50,2013-03-20,
473,INTERAC RETAIL PURCHASE 000001098001 SUPER CLEAN CAR,1,$23.35,$23.35,2017-05-29,
474,INTERAC RETAIL PURCHASE 000001001971 RIFCO NATIONAL,1,$860.09,$860.09,2017-10-10,
475,INTERAC RETAIL PURCHASE 000046006851 HUDSONS RED DEE,1,$64.64,$64.64,2017-05-08,
476,EMAIL TRANSFER - INTERNET BANKING E-TRANSFER 000000251403 MICHAEL RICHARD,1,$185.00,$185.00,2017-06-12,
477,INTERAC RETAIL PURCHASE 000001108014 PLENTY OF LIQUO,1,$60.00,$60.00,2017-09-01,
478,MCDONALD'S #204,1,$26.74,$26.74,2024-11-29,
479,EMAIL TRANSFER - INTERNET BANKING E-TRANSFER 000000229426 MICHAEL RICHARD,1,$1050.00,$1050.00,2017-05-01,
480,INTERAC RETAIL PURCHASE 726913004583 WOODRIDGE FORD,1,$782.56,$782.56,2017-09-27,
481,EMAIL TRANSFER - INTERNET BANKING E-TRANSFER 000000178273 PAUL RICHARD,1,$2200.00,$2200.00,2014-06-02,
482,VISA DEBIT INTL VISA DEB RETAIL PURCHASE IN *LMS 710467510761 130.00 USD @ 1.367385,1,$177.76,$177.76,2017-04-17,
483,EMAIL TRANSFER - INTERNET BANKING E-TRANSFER 000000865638 KATRINA,1,$109.20,$109.20,2014-07-18,
484,INTERAC RETAIL PURCHASE 718016430191 NORTHLAND RADIA,1,$800.00,$800.00,2017-06-29,
485,INTERAC RETAIL PURCHASE 709518129272 HAUCK VISION,1,$57.00,$57.00,2017-04-05,
486,SCOTIABANK VISA BILL PAYMENT,1,$600.00,$600.00,2013-12-30,
487,EMAIL TRANSFER - INTERNET BANKING E-TRANSFER 000000425955 CHELSEA CLARK,1,$240.00,$240.00,2014-09-15,
488,JEFF BRIL,1,$632.84,$632.84,2013-12-09,
489,INTERAC RETAIL PURCHASE 000001258187 LAKELAND VILLAG,1,$23.87,$23.87,2017-06-12,
490,COPIES NOW,1,$320.09,$320.09,2014-04-17,
491,VISA DEBIT VISA DEBIT RETAIL PURCHASE APL* ITUNES.COM 709943381997,1,$146.99,$146.99,2017-04-10,
492,INTERAC RETAIL PURCHASE 000001452010 JOEYS ONLY SEAF,1,$53.88,$53.88,2017-08-31,
493,VISA DEBIT VISA DEBIT RETAIL PURCHASE APL* ITUNES.COM 719274385891,1,$7.34,$7.34,2017-07-12,
494,MR SUDS INC.,1,$4.75,$4.75,2013-02-25,
495,INTERAC RETAIL PURCHASE 000001060003 PLENTY OF LIQUO,1,$250.62,$250.62,2017-09-29,
496,RETAIL PURCHASE 018001001014 REAL CDN. WHOLE,1,$25.61,$25.61,2014-11-21,
497,INTERAC RETAIL PURCHASE 000001130031 PLENTY OF LIQUO,1,$149.46,$149.46,2017-09-22,
498,RETAIL PURCHASE 000001494002 TOURISM RED DEE,1,$11.15,$11.15,2014-11-03,
499,THE CITY OF RED DEER,1,$372.50,$372.50,2014-02-03,
500,JESSY GORDON,1,$1533.73,$1533.73,2014-04-28,
501,"PREAUTHORIZED DEBIT 1,200.56",1,$1200.56,$1200.56,2014-11-21,
502,RETURNED ITEM/CHARGEBACK FUNDS FROZEN,1,$341.37,$341.37,2014-07-31,
503,EMAIL TRANSFER - INTERNET BANKING E-TRANSFER 100238001119 DYLAN STEINBACH,1,$170.00,$170.00,2017-09-25,
504,EMAIL TRANSFER - INTERNET BANKING E-TRANSFER 100044425658 KATIRA FILLINGER,1,$500.00,$500.00,2017-08-08,
505,INTERAC RETAIL PURCHASE 104001001022 RED DEER REGIST,1,$58.35,$58.35,2017-05-19,
506,INTERAC RETAIL PURCHASE 000001080004 PLENTY OF LIQUO,1,$263.26,$263.26,2017-08-04,
507,VISA DEBIT INTL VISA DEB RETAIL PURCHASE IN *LMS 719367610289 130.00 USD @ 1.326923,1,$172.50,$172.50,2017-07-12,
508,EMAIL TRANSFER - INTERNET BANKING E-TRANSFER 000000241464 MACKAYLA,1,$68.00,$68.00,2017-06-06,
509,EMAIL TRANSFER - INTERNET BANKING E-TRANSFER 000000268150 JACQUELINE LINTON,1,$200.00,$200.00,2017-04-12,
510,VISA DEBIT VISA DEBIT RETAIL PURCHASE APL* ITUNES.COM 712141107027,1,$146.99,$146.99,2017-05-01,
511,[WALMART],1,$19.01,$19.01,2014-07-14,
512,INTERAC RETAIL PURCHASE 000001996008 BOSTON PIZZA #,1,$66.36,$66.36,2017-08-14,
513,INTERAC RETAIL PURCHASE 000001105009 PLENTY OF LIQUO,1,$42.14,$42.14,2017-08-29,
514,PREAUTHORIZED DEBIT 752.56,1,$752.56,$752.56,2014-12-17,
515,INTERNET BANKING CORRECTION 000000865683,1,$2000.00,$2000.00,2014-06-23,
516,EMAIL TRANSFER - INTERNET BANKING E-TRANSFER 100029219048 DAVID RICHARD,1,$1400.00,$1400.00,2017-08-01,
517,106.7 THE DRIVE,1,$457.25,$457.25,2012-01-03,
518,INTERAC RETAIL PURCHASE 000001001895 RIFCO NATIONAL,1,$860.09,$860.09,2017-06-05,
519,NSF FEE,1,$42.50,$42.50,2012-10-30,
520,INTERAC RETAIL PURCHASE 000001119009 MONGOLIE GRILL,1,$55.39,$55.39,2017-06-05,
521,ERROR CORRECTION,1,$1666.11,$1666.11,2013-06-26,
522,EMAIL TRANSFER - INTERNET BANKING E-TRANSFER 000000262950 ANN MACDONALD,1,$2300.00,$2300.00,2017-07-13,
523,PHILS,1,$29.23,$29.23,2014-01-27,
524,EMAIL TRANSFER - INTERNET BANKING E-TRANSFER 000000718043 KIMBERLYWILLIAMS,1,$805.71,$805.71,2014-08-20,
525,EMAIL TRANSFER - INTERNET BANKING E-TRANSFER 100025926129 BRITTANY OSGUTHORPE,1,$205.00,$205.00,2017-07-31,
526,INTERAC RETAIL PURCHASE 000001131067 PLENTY OF LIQUO,1,$15.75,$15.75,2017-09-25,
527,EMAIL TRANSFER - INTERNET BANKING E-TRANSFER 100077632012 AMANDA YOUNG,1,$250.00,$250.00,2017-08-11,
528,CRYSTAL GLASS CANADA L,1,$274.14,$274.14,2013-08-13,
529,EMAIL TRANSFER - INTERNET BANKING E-TRANSFER 000000253577 MELISSA FLINN,1,$100.00,$100.00,2017-07-11,
530,EMAIL TRANSFER - INTERNET BANKING E-TRANSFER 000000857655 SEAN VAN METER,1,$175.00,$175.00,2014-07-14,
531,E-TRANSFER 000000717044 DAVID RICHARD,1,$200.00,$200.00,2014-12-16,
532,INTERAC RETAIL PURCHASE 000001076002 PINK BOW,1,$70.94,$70.94,2017-09-08,
533,TIME 2 TIME,1,$11.93,$11.93,2013-04-01,
534,EMAIL TRANSFER - INTERNET BANKING E-TRANSFER 000000409694 JANET L DERMODY,1,$315.00,$315.00,2014-09-19,
535,E-TRANSFER 000000046490 DAVID RICHARD,1,$500.00,$500.00,2014-11-28,
536,RETAIL PURCHASE 000001085052 MR SUDS INC.,1,$5.25,$5.25,2014-12-11,
537,INTERNET BANKING INTERNET BILL PAY 000000782876,1,$500.00,$500.00,2014-10-17,
538,VISA DEBIT VISA DEBIT RETAIL PURCHASE APL* ITUNES.COM 716241123868,1,$2.58,$2.58,2017-06-12,
539,VISA DEBIT VISA DEBIT RETAIL PURCHASE APL* ITUNES.COM 718274965635,1,$0.99,$0.99,2017-07-04,
540,INTERAC RETAIL PURCHASE 000001053009 PLENTY OF LIQUO,1,$66.33,$66.33,2017-09-08,
541,RANCH HOUSE,1,$39.49,$39.49,2013-10-15,
542,PARKLAND AUDIO,1,$88.20,$88.20,2014-05-27,
543,INTERAC RETAIL PURCHASE 000001067022 FISHERMAN'S PRI,1,$117.55,$117.55,2017-06-19,
544,EMAIL TRANSFER - INTERNET BANKING E-TRANSFER 000000241480 WHITNEY ARNOLD,1,$650.00,$650.00,2017-06-12,
545,JONATHAN KORSH,1,$948.46,$948.46,2013-12-10,
546,VISA DEBIT VISA DEBIT RETAIL PURCHASE APL* ITUNES.COM 715643775545,1,$1.46,$1.46,2017-06-05,
547,TONY ROMA'S,1,$70.88,$70.88,2013-07-31,
548,STEVE MECK,1,$1426.43,$1426.43,2014-03-10,
549,"VISA DEBIT INTL VISA DEB RETAIL PURCHASE 1&1 INTERNET, I 712002820387 19.98 USD @ 1.403904",1,$28.05,$28.05,2017-05-01,
550,MONTANAS,1,$145.96,$145.96,2014-04-07,
551,BRIAN SHERRARD,1,$1406.59,$1406.59,2014-06-04,
552,VISA DEBIT INTL VISA DEB RETAIL PURCHASE IN *LMS 711665843640 340.00 USD @ 1.396912,1,$474.95,$474.95,2017-04-26,
553,PAT FRASER,1,$34.54,$34.54,2014-03-04,
554,INTERAC RETAIL PURCHASE 729612218994 SUBWAY # 05532,1,$33.36,$33.36,2017-10-23,
555,FRAME IT STORE,1,$278.74,$278.74,2014-03-21,
556,INTERAC RETAIL PURCHASE 066001001024 DENNY'S 03-081,1,$32.43,$32.43,2017-10-05,
557,INTERAC RETAIL PURCHASE 000001001939 RIFCO NATIONAL,1,$860.09,$860.09,2017-08-23,
558,BRANCH TRANSACTION EFT DEBIT REVERSAL MORTGAGEPROTECT,1,$252.86,$252.86,2017-04-03,
559,INTERAC RETAIL PURCHASE 000001345023 PHOENIX BUFFET,1,$13.60,$13.60,2017-09-29,
560,EMAIL TRANSFER - INTERNET BANKING E-TRANSFER 000000248217 DAVID W RICHARD,1,$2000.00,$2000.00,2017-05-05,
561,INTERAC RETAIL PURCHASE 000001048016 SUPER CLEAN CAR,1,$10.00,$10.00,2017-08-14,
562,PARTSSOURCE,1,$32.93,$32.93,2013-12-20,
563,EMAIL TRANSFER - INTERNET BANKING E-TRANSFER 000000958643 KEITH DIXON,1,$1644.90,$1644.90,2014-10-06,
564,INTERAC RETAIL PURCHASE 012001001157 PHIL'S RESTAURA,1,$46.62,$46.62,2017-05-15,
565,JUMBO CARD WASH,1,$25.00,$25.00,2014-02-03,
566,APPLEBEES,1,$50.67,$50.67,2013-01-18,
567,EMAIL TRANSFER - INTERNET BANKING E-TRANSFER 000000265872 TENISHA WOODRIDGE FORD,1,$131.26,$131.26,2017-04-20,
568,EMAIL TRANSFER - INTERNET BANKING E-TRANSFER 000000265786 DAVID RICHARD,1,$423.25,$423.25,2017-07-07,
569,EMAIL TRANSFER - INTERNET BANKING E-TRANSFER 000000907788 MICHAEL RICHARD,1,$300.00,$300.00,2014-10-06,
570,INTERAC RETAIL PURCHASE 000001001877 RIFCO NATIONAL,1,$1580.27,$1580.27,2017-04-26,
571,INTERAC RETAIL PURCHASE 443001001018 SMITTY'S,1,$43.23,$43.23,2017-07-17,
572,CHO 218,1,$567.00,$567.00,2013-07-23,
573,MCDONALD'S #115,1,$4.40,$4.40,2024-04-29,
574,INTERNET BANKING CORRECTION 000000157105,1,$500.00,$500.00,2014-10-17,
575,RETAIL PURCHASE 000001160023 RUNN ON EMPTY,1,$80.00,$80.00,2014-11-07,
576,INTERAC RETAIL PURCHASE 078001001023 RED DEER REGIST,1,$300.00,$300.00,2017-04-12,
577,INTERAC RETAIL PURCHASE 417318051522 CINEPLEX,1,$11.75,$11.75,2014-06-23,
578,INTERAC RETAIL PURCHASE 713516364853 NORTHLAND RADIA,1,$2510.99,$2510.99,2017-05-15,
579,INTERAC RETAIL PURCHASE 000001148010 PLENTY OF LIQUO,1,$52.74,$52.74,2017-10-10,
580,EMAIL TRANSFER - INTERNET BANKING E-TRANSFER 000000268744 DAVID RICHARD,1,$785.84,$785.84,2017-07-10,
581,INTERAC RETAIL PURCHASE 382001001009 REAL CON. WHOLE,1,$20.97,$20.97,2014-06-23,
582,"VISA DEBIT INTL VISA DEB RETAIL PURCHASE 1&1 INTERNET, I 721301381348 34.97 USD @ 1.287103",1,$45.01,$45.01,2017-08-02,
583,EMAIL TRANSFER - INTERNET BANKING E-TRANSFER 000000963820WOODY,1,$65.00,$65.00,2014-07-04,
584,INTERAC RETAIL PURCHASE 000590970719 LA CASA PERGOLA,1,$60.71,$60.71,2017-07-19,
585,RETAIL PURCHASE 000001067006 SUPER CLEAN CAR,1,$4.25,$4.25,2014-11-03,
586,APPLE STORE,1,$147.00,$147.00,2012-11-29,
587,REXALL,1,$136.69,$136.69,2013-02-15,
588,EMAIL TRANSFER - INTERNET BANKING E-TRANSFER 000000215475 DEANNA CAMPBELL,1,$500.00,$500.00,2017-05-19,
589,EMAIL TRANSFER - INTERNET BANKING E-TRANSFER 000000260911 MICHAEL RICHARD,1,$1100.00,$1100.00,2017-07-04,
590,REGESTRIES,1,$24.45,$24.45,2012-10-22,
591,INTERAC RETAIL PURCHASE 000001001262 THE CITY OF RED,1,$53.34,$53.34,2017-05-26,
592,VISA DEBIT VISA DEBIT RETAIL PURCHASE APL* ITUNES.COM 711542354252,1,$1.46,$1.46,2017-04-25,
593,INTERAC RETAIL PURCHASE 000001101031 PLENTY OF LIQUO,1,$255.00,$255.00,2017-08-25,
594,RETAIL PURCHASE 000001864007 GEORGE'S PIZZA,1,$36.10,$36.10,2014-11-03,
595,CFIB,1,$500.00,$500.00,2014-04-11,
596,DEBIT MEMO,1,$2000.00,$2000.00,2013-07-22,
597,INTERAC RETAIL PURCHASE 000001105010 PLENTY OF LIQUO,1,$320.00,$320.00,2017-08-29,
598,EMAIL TRANSFER - INTERNET BANKING E-TRANSFER 100125862076 MICHAEL RICHARD,1,$300.00,$300.00,2017-08-22,
599,INTERAC RETAIL PURCHASE 000001001957 SAVE ON FOODS,1,$74.31,$74.31,2017-07-21,
600,[BED BATH & BEYOND],1,$157.40,$157.40,2014-09-15,
601,INTERNET BANKING CORRECTION 000000891655,1,$1000.00,$1000.00,2014-06-20,
602,PARTS SOURCE,1,$52.48,$52.48,2012-10-22,
603,INTERAC RETAIL PURCHASE 000001001117 WAL-MART,1,$86.93,$86.93,2017-06-12,
604,BR BILL PAYMENT,1,$3841.73,$3841.73,2013-09-16,
605,RETURN ITEM REV OHC,1,$20.00,$20.00,2013-07-18,
606,INTERAC RETAIL PURCHASE 477001001004 SMITTY'S,1,$157.64,$157.64,2017-08-17,
607,IDA,1,$23.69,$23.69,2013-05-10,
608,EMAIL TRANSFER - INTERNET BANKING E-TRANSFER 000000278255 DAVID RICHARD,1,$1000.00,$1000.00,2017-06-20,
609,CORRECTION 000000548744,1,$2000.00,$2000.00,2014-12-11,
610,RETAIL PURCHASE 000001162009 RUNN ON EMPTY,1,$137.00,$137.00,2014-11-07,
611,INTERAC RETAIL PURCHASE 209001001020 RED DEER REGIST,1,$153.45,$153.45,2017-10-20,
612,INTERAC RETAIL PURCHASE 364001001006 SMITTY'S,1,$18.09,$18.09,2017-05-01,
613,INTERAC RETAIL PURCHASE 000001202007 MILANO FOR MEN,1,$61.43,$61.43,2017-05-01,
614,INTERAC RETAIL PURCHASE 000001001909 RIFCO NATIONAL,1,$860.09,$860.09,2017-06-20,
615,KEVIN BOULLEY,1,$261.20,$261.20,2014-02-25,
616,WAL MART,1,$146.09,$146.09,2013-10-28,
