Date,Description,Amount,Transaction ID,Bank ID,Vendor
2019-01-02,"Branch Transaction NON-SUFFICIENT FUNDS CHARGE",45.00,41643,None,""
2019-01-02,"Point of Sale - Visa Debit INTL VISA DEB RETAIL PURCHASE IN *LMS 900263063968 75.00 USD @ 1.400800",105.06,41647,None,""
2019-01-02,"Point of Sale - Visa Debit INTL VISA DEB RETAIL PURCHASE IN *LMS 900263063612 155.00 USD @ 1.400839",217.13,41648,None,""
2019-01-03,"Branch Transaction WITHDRAWAL 03239 GAETZ AVE & 67TH ST BANKING CE",320.00,35008,None,""
2019-01-03,"Point of Sale - Interac PURCHASE000001820144 7 ELEVEN STORE 4506*********468",15.00,35010,None,""
2019-01-04,"Point of Sale - Interac RETAIL PURCHASE 000001155710 PLENTY OF LIQUO",181.53,41627,None,""
2019-01-04,"Point of Sale - Interac RETAIL PURCHASE 000001155709 PLENTY OF LIQUO",84.58,41629,None,""
2019-01-04,"Point of Sale - Interac RETAIL PURCHASE 000001078028 PLENTY OF LIQUO",160.52,41630,None,""
2019-01-04,"Point of Sale - Interac RETAIL PURCHASE 000001001632 THE CITY OF RED",80.00,41633,None,""
2019-01-04,"Point of Sale - Interac RETAIL PURCHASE 000001771006 Fas Gas WESTPAR",63.00,41634,None,""
2019-01-04,"Point of Sale - Interac RETAIL PURCHASE 000001770030 Fas Gas WESTPAR",20.00,41636,None,""
2019-01-04,"Point of Sale - Interac RETAIL PURCHASE 000001569049 SAFEWAY #8877",6.71,41639,None,""
2019-01-04,"Internet Banking INTERNET BILL PAY 000000271081 FIRST INSURANCE FUNDING-C",3599.54,41641,None,""
2019-01-07,"Automated Banking Machine ABM WITHDRAWAL 1E0U GAETZ AVE + 67TH ST 18242 4506*********468",40.00,35005,None,""
2019-01-07,"Automated Banking Machine ABM WITHDRAWAL 0003 INTERAC/RBC SCD 09502 4506*********468",203.00,35006,None,""
2019-01-07,"Point of Sale - Interac RETAIL PURCHASE 000001819007 Fas Gas SOUTHSI",140.80,36075,None,""
2019-01-07,"Point of Sale - Interac RETAIL PURCHASE 900711246091 TIM HORTONS #27",16.09,41615,None,""
2019-01-07,"Point of Sale - Interac RETAIL PURCHASE 000001824077 7 ELEVEN STORE",15.46,41616,None,""
2019-01-07,"Point of Sale - Interac RETAIL PURCHASE 900709202738 TIM HORTONS #49",2.25,41617,None,""
2019-01-08,"Automated Banking Machine ATM WITHDRAWAL GAETZ AVE + 67TH ST 2D54",220.00,41612,None,""
2019-01-08,"Point of Sale - Interac RETAIL PURCHASE 000001354025 RUN'N ON EMPTY",67.44,41614,None,""
2019-01-09,"Point of Sale - Interac RETAIL PURCHASE 000001084031 RUN'N ON EMPTY",28.05,41603,None,""
2019-01-09,"Point of Sale - Interac RETAIL PURCHASE 900907001169 TIM HORTONS #75",4.82,41604,None,""
2019-01-09,"Point of Sale - Interac RETAIL PURCHASE 000001596022 Fas Gas PENHOLD",45.96,41605,None,""
2019-01-09,"Point of Sale - Interac RETAIL PURCHASE 900822923145 603 - LD EASTVI",12.30,41607,None,""
2019-01-10,"Internet Banking INTERNET BILL PAY 000000281106 ROGERS (9 DIGIT ACCOUNT N",80.33,41594,None,""
2019-01-10,"Internet Banking INTERNET BILL PAY 000000271773 ROGERS (9 DIGIT ACCOUNT N",600.00,41597,None,""
2019-01-11,"Point of Sale - Interac RETAIL PURCHASE 000001078131 PLENTY OF LIQUO",45.53,41587,None,""
2019-01-11,"Point of Sale - Interac RETAIL PURCHASE 000001078130 PLENTY OF LIQUO",8.49,41588,None,""
2019-01-11,"Point of Sale - Interac RETAIL PURCHASE 000001078129 PLENTY OF LIQUO",328.50,41589,None,""
2019-01-11,"Point of Sale - Interac RETAIL PURCHASE 000001064041 DAIRY QUEEN #27",1.84,41590,None,""
2019-01-11,"Point of Sale - Interac RETAIL PURCHASE 000001001563 WEST PARK MARKE",55.33,41592,None,""
2019-01-14,"Point of Sale - Interac PURCHASE000001226149 COOP TAYLOR GAS 4506*********468",15.68,35000,None,""
2019-01-14,"Point of Sale - Interac PURCHASE000001001424 WENDY'S 4506*********468",13.58,35001,None,""
2019-01-14,"Automated Banking Machine ABM WITHDRAWAL 2D54 GAETZ AVE + 67TH ST 18242 4506*********468",100.00,35002,None,""
2019-01-14,"Point of Sale - Interac PURCHASE000001271034 Fas Gas SOUTHSI 4506*********468",50.00,35003,None,""
2019-01-14,"Point of Sale - Interac RETAIL PURCHASE 901311023664 TIM HORTONS #27",10.42,36072,None,""
2019-01-14,"Automated Banking Machine ATM WITHDRAWAL GAETZ AVE + 67TH ST 2D54",100.00,41575,None,""
2019-01-14,"Point of Sale - Interac RETAIL PURCHASE 000001374068 RUN'N ON EMPTY",115.38,41576,None,""
2019-01-14,"Point of Sale - Interac RETAIL PURCHASE 000001237006 SUPER CLEAN CAR",7.35,41577,None,""
2019-01-14,"Point of Sale - Interac RETAIL PURCHASE 614001001007 RED DEER SUPERV",3.49,41578,None,""
2019-01-14,"Point of Sale - Interac RETAIL PURCHASE 901408346461 TIM HORTONS #17",8.64,41579,None,""
2019-01-15,"Branch Transaction WITHDRAWAL IBB GAETZ AVE & 67TH ST BANKING CE",1400.00,41571,None,""
2019-01-17,"Point of Sale - Interac RETAIL PURCHASE 000001500077 Fas Gas SOUTHSI",36.00,41566,None,""
2019-01-17,"Point of Sale - Interac RETAIL PURCHASE 901622475456 SHERATON RED DE",34.48,41567,None,""
2019-01-18,"Branch Transaction NON-SUFFICIENT FUNDS CHARGE",270.00,41549,None,""
2019-01-18,"Point of Sale - Interac RETAIL PURCHASE 000001078220 PLENTY OF LIQUO",99.74,41556,None,""
2019-01-18,"Automated Banking Machine ATM WITHDRAWAL GAETZ AVE + 67TH ST 2D54",380.00,41558,None,""
2019-01-18,"Point of Sale - Interac RETAIL PURCHASE 249001001196 REAL CDN SUPERS",100.00,41561,None,""
2019-01-21,"Point of Sale - Interac RETAIL PURCHASE 000001395081 RUN'N ON EMPTY",67.18,36063,None,""
2019-01-21,"Point of Sale - Interac RETAIL PURCHASE 000001645178 Fas Gas SOUTHSI",23.35,36065,None,""
2019-01-21,"Point of Sale - Interac RETAIL PURCHASE 000001282028 Fas Gas SOUTHSI",76.00,36066,None,""
2019-01-21,"Point of Sale - Interac RETAIL PURCHASE 901919867467 603 - LD EASTVI",41.44,36067,None,""
2019-01-21,"Point of Sale - Interac RETAIL PURCHASE 901912690614 SOBEYS #9526",57.14,36068,None,""
2019-01-21,"Automated Banking Machine ATM WITHDRAWAL GAETZ AVE + 22ND ST 1A66",140.00,36069,None,""
2019-01-21,"Point of Sale - Interac RETAIL PURCHASE 000001155686 PLENTY OF LIQUO",98.99,41540,None,""
2019-01-22,"Point of Sale - Interac RETAIL PURCHASE 000000026886 PETRO-CANADA",30.00,36059,None,""
2019-01-22,"Point of Sale - Interac RETAIL PURCHASE 000001155183 PLENTY OF LIQUO",70.73,41534,None,""
2019-01-23,"Automated Banking Machine ATM WITHDRAWAL INTERAC/TNS SCD 1127",83.00,41524,None,""
2019-01-23,"Point of Sale - Interac RETAIL PURCHASE 000001001861 WENDY'S",12.46,41527,None,""
2019-01-23,"Point of Sale - Interac RETAIL PURCHASE 000001094006 Fas Gas SOUTHSI",200.00,41528,None,""
2019-01-23,"Automated Banking Machine ATM WITHDRAWAL GAETZ AVE + 22ND ST 2C92",500.00,41529,None,""
2019-01-23,"Point of Sale - Interac RETAIL PURCHASE 902210726307 TIM HORTONS #27",16.09,41530,None,""
2019-01-23,"Point of Sale - Interac RETAIL PURCHASE 000001511067 Fas Gas SOUTHSI",86.00,41531,None,""
2019-01-23,"Point of Sale - Interac RETAIL PURCHASE 000001481023 GEORGE'S PIZZA",45.59,41532,None,""
2019-01-24,"Point of Sale - Interac RETAIL PURCHASE 000001404017 RUN'N ON EMPTY",126.98,41515,None,""
2019-01-24,"Point of Sale - Interac RETAIL PURCHASE 000001482040 GEORGE'S PIZZA",52.83,41519,None,""
2019-01-25,"Point of Sale - Interac RETAIL PURCHASE 000001651076 Fas Gas SOUTHSI",16.24,41508,None,""
2019-01-25,"Point of Sale - Interac RETAIL PURCHASE 000001079006 Fas Gas SOUTHSI",48.60,41509,None,""
2019-01-25,"Point of Sale - Interac RETAIL PURCHASE 000001247036 SUPER CLEAN CAR",11.55,41511,None,""
2019-01-28,"Point of Sale - Interac RETAIL PURCHASE 000001293021 Fas Gas SOUTHSI",94.33,36047,None,""
2019-01-28,"Point of Sale - Interac RETAIL PURCHASE 000001517046 Fas Gas SOUTHSI",30.00,36048,None,""
2019-01-28,"Point of Sale - Interac RETAIL PURCHASE 000001670057 JUMBO CAR WASH",19.00,36049,None,""
2019-01-28,"Point of Sale - Interac RETAIL PURCHASE 000001763037 JUMBO CAR WASH",13.00,36050,None,""
2019-01-28,"Point of Sale - Interac RETAIL PURCHASE 000001763036 JUMBO CAR WASH",20.00,36051,None,""
2019-01-28,"Point of Sale - Interac RETAIL PURCHASE 000001158094 22720 MAC'S CON",15.00,36052,None,""
2019-01-28,"Point of Sale - Interac RETAIL PURCHASE 000001119033 SOLO LIQUOR RED",365.69,36053,None,""
2019-01-28,"Point of Sale - Interac RETAIL PURCHASE 000001001275 WAL-MART #3194",40.87,36054,None,""
2019-01-28,"Point of Sale - Interac RETAIL PURCHASE 001001001017 THE RED DEER KE",243.46,36055,None,""
2019-01-28,"Automated Banking Machine ATM WITHDRAWAL GAETZ AVE + 67TH ST 2D54",400.00,41493,None,""
2019-01-28,"Point of Sale - Interac RETAIL PURCHASE 902710898060 TIM HORTONS #27",10.42,41495,None,""
2019-01-29,"Automated Banking Machine ATM WITHDRAWAL GAETZ AVE + 67TH ST 2D54",200.00,41490,None,""
2019-01-31,"Point of Sale - Interac RETAIL PURCHASE 192001001011 PIZZA HUT #4781",13.36,36046,None,""
2019-01-31,"Branch Transaction OVERDRAFT INTEREST CHARGE",9.33,41481,None,""
2019-01-31,"Point of Sale - Interac RETAIL PURCHASE 000618200131 KIPP SCOTT GMC",116.06,41485,None,""
2019-02-01,"Branch Transaction NON-SUFFICIENT FUNDS CHARGE",135.00,41466,None,""
2019-02-01,"Point of Sale - Interac RETAIL PURCHASE 000001001070 WEST PARK MARKE",30.17,41473,None,""
2019-02-01,"Point of Sale - Interac RETAIL PURCHASE 903210618597 TIM HORTONS #24",12.66,41475,None,""
2019-02-01,"Point of Sale - Visa Debit INTL VISA DEB RETAIL PURCHASE IN *LMS 903263073559 155.00 USD @ 1.349677",209.20,41476,None,""
2019-02-01,"Point of Sale - Visa Debit INTL VISA DEB RETAIL PURCHASE IN *LMS 903266822539 75.00 USD @ 1.349733",101.23,41477,None,""
2019-02-01,"Automated Banking Machine ATM WITHDRAWAL GAETZ AVE + 22ND ST 1A66",80.00,41479,None,""
2019-02-04,"Automated Banking Machine ATM WITHDRAWAL GAETZ AVE + 67TH ST 1E0U",260.00,36040,None,""
2019-02-04,"Point of Sale - Interac RETAIL PURCHASE 000001078514 PLENTY OF LIQUO",44.76,36041,None,""
2019-02-04,"Branch Transaction NON-SUFFICIENT FUNDS CHARGE",45.00,41456,None,""
2019-02-04,"Point of Sale - Interac RETAIL PURCHASE 000001001420 AIR-SERV PARKL",1.50,41460,None,""
2019-02-04,"Point of Sale - Interac RETAIL PURCHASE 000001508041 Fas Gas SOUTHSI",50.00,41461,None,""
2019-02-06,"Point of Sale - Interac RETAIL PURCHASE 000001744016 MR.SUDS INC.",7.20,41447,None,""
2019-02-06,"Point of Sale - Interac RETAIL PURCHASE 000001444003 RUN'N ON EMPTY",36.39,41448,None,""
2019-02-06,"Internet Banking INTERNET BILL PAY 000000261184 FIRST INSURANCE FUNDING-C",3699.54,41449,None,""
2019-02-07,"Point of Sale - Interac RETAIL PURCHASE 903809036629 TIM HORTONS #27",15.66,41441,None,""
2019-02-07,"Automated Banking Machine ATM WITHDRAWAL INTERAC/RBC SCD 0003",43.00,41442,None,""
2019-02-07,"Point of Sale - Interac RETAIL PURCHASE 000001154126 DAIRY QUEEN #26",1.38,41443,None,""
2019-02-08,"Branch Transaction NON-SUFFICIENT FUNDS CHARGE",135.00,41425,None,""
2019-02-11,"Point of Sale - Interac RETAIL PURCHASE 000001131088 247 CONVENIENCE",40.28,36035,None,""
2019-02-11,"Point of Sale - Interac RETAIL PURCHASE 000001286015 Fas Gas SOUTHSI",50.00,41420,None,""
2019-02-11,"Point of Sale - Interac RETAIL PURCHASE 000001864229 Fas Gas WESTPAR",30.00,41421,None,""
2019-02-12,"Point of Sale - Interac RETAIL PURCHASE 000001673150 Fas Gas SOUTHSI",30.00,41417,None,""
2019-02-14,"Automated Banking Machine ATM WITHDRAWAL GAETZ AVE + 67TH ST 2D54",500.00,41407,None,""
2019-02-14,"Automated Banking Machine ATM WITHDRAWAL GAETZ AVE + 22ND ST 1A66",240.00,41408,None,""
2019-02-14,"Point of Sale - Interac RETAIL PURCHASE 000001001271 MR. SUDS INC",12.00,41409,None,""
2019-02-14,"Point of Sale - Interac RETAIL PURCHASE 006001001027 SUSHI KOON",14.69,41410,None,""
2019-02-15,"Branch Transaction NON-SUFFICIENT FUNDS CHARGE",45.00,41391,None,""
2019-02-15,"Automated Banking Machine ATM WITHDRAWAL GAETZ AVE + 22ND ST 1A66",840.00,41399,None,""
2019-02-15,"Point of Sale - Interac RETAIL PURCHASE 904521314513 SOBEYS #5175",17.42,41404,None,""
2019-02-20,"Automated Banking Machine ATM WITHDRAWAL GAETZ AVE + 67TH ST 1E0U",900.00,41383,None,""
2019-02-20,"Point of Sale - Interac RETAIL PURCHASE 000001001464 STAPLES#285",222.26,41385,None,""
2019-02-22,"Automated Banking Machine ATM WITHDRAWAL GAETZ AVE + 22ND ST 2C92",400.00,41369,None,""
2019-02-22,"Point of Sale - Interac RETAIL PURCHASE 000001001951 SULLY CHAPMAN B",293.15,41372,None,""
2019-02-22,"Automated Banking Machine ATM WITHDRAWAL GAETZ AVE + 22ND ST 2C92",400.00,41374,None,""
2019-02-22,"Point of Sale - Interac RETAIL PURCHASE 000001332002 Fas Gas SOUTHSI",63.37,41375,None,""
2019-02-22,"Point of Sale - Interac RETAIL PURCHASE 000001001375 MR. SUDS INC",12.00,41376,None,""
2019-02-25,"Automated Banking Machine ATM WITHDRAWAL GAETZ AVE + 22ND ST 2C92",400.00,36025,None,""
2019-02-25,"Point of Sale - Interac RETAIL PURCHASE 905418273926 SOBEYS #5175",133.92,36028,None,""
2019-02-26,"Automated Banking Machine ATM WITHDRAWAL GAETZ AVE + 67TH ST 1E0U",480.00,41346,None,""
2019-02-26,"Point of Sale - Interac RETAIL PURCHASE 000001155439 PLENTY OF LIQUO",49.89,41347,None,""
2019-02-26,"Point of Sale - Visa Debit VISA DEBIT RETAIL PURCHASE ROGERS/FIDO BIL 905734945154",595.89,41353,None,""
2019-02-27,"Point of Sale - Interac RETAIL PURCHASE 905817790195 THE PHONE EXPER",208.37,41343,None,""
2019-02-28,"Point of Sale - Interac RETAIL PURCHASE 000001315009 Fas Gas SOUTHSI",47.00,41339,None,""
2019-03-01,"Point of Sale - Interac RETAIL PURCHASE 000001557020 Fas Gas SOUTHSI",30.00,41328,None,""
2019-03-01,"Point of Sale - Visa Debit INTL VISA DEB RETAIL PURCHASE IN *LMS 906066025553 155.00 USD @ 1.354129",209.89,41329,None,""
2019-03-01,"Automated Banking Machine ATM WITHDRAWAL GAETZ AVE + 22ND ST 1A66",700.00,41330,None,""
2019-03-01,"Point of Sale - Visa Debit INTL VISA DEB RETAIL PURCHASE IN *LMS 906067672979 75.00 USD @ 1.354133",101.56,41331,None,""
2019-03-07,"Point of Sale - Interac RETAIL PURCHASE 000001531006 RUN'N ON EMPTY",64.85,41306,None,""
2019-03-07,"Point of Sale - Interac RETAIL PURCHASE 000001608018 Fas Gas SOUTHSI",68.60,41307,None,""
2019-03-07,"Point of Sale - Interac RETAIL PURCHASE 000001236008 Fas Gas SOUTHSI",100.00,41308,None,""
2019-03-07,"Point of Sale - Interac RETAIL PURCHASE 000001140006 Fas Gas SOUTHSI",52.50,41309,None,""
2019-03-07,"Point of Sale - Visa Debit VISA DEBIT RETAIL PURCHASE APL*ITUNES.COM/ 906663855900",16.79,41312,None,""
2019-03-08,"Branch Transaction NON-SUFFICIENT FUNDS CHARGE",180.00,41290,None,""
2019-03-08,"Automated Banking Machine ATM WITHDRAWAL GAETZ AVE + 22ND ST 2C92",600.00,41300,None,""
2019-03-08,"Point of Sale - Interac RETAIL PURCHASE 906620005137 SUBWAY #36482",29.09,41301,None,""
2019-03-08,"Point of Sale - Interac RETAIL PURCHASE 000001001321 STAPLES#285",66.14,41302,None,""
2019-03-11,"Automated Banking Machine ABM WITHDRAWAL 0003 INTERAC/RBC SCD 09502 4506*********468",103.00,34994,None,""
2019-03-11,"Point of Sale - Visa Debit VISA DEBIT RETAIL PURCHASE PROSERVE 906704340357",26.25,41283,None,""
2019-03-11,"Point of Sale - Interac RETAIL PURCHASE 000001001667 TAYLOR VETERINA",180.00,41285,None,""
2019-03-12,"Point of Sale - Interac RETAIL PURCHASE 277001001139 REAL CDN SUPERS",319.78,36011,None,""
2019-03-12,"Point of Sale - Interac RETAIL PURCHASE 000001703176 Fas Gas SOUTHSI",22.56,41278,None,""
2019-03-12,"Point of Sale - Interac RETAIL PURCHASE 000001703175 Fas Gas SOUTHSI",200.00,41279,None,""
2019-03-12,"Point of Sale - Interac RETAIL PURCHASE 000001703172 Fas Gas SOUTHSI",100.23,41280,None,""
2019-03-13,"Automated Banking Machine ATM WITHDRAWAL GAETZ AVE + 67TH ST 2D54",300.00,41271,None,""
2019-03-13,"Automated Banking Machine ATM WITHDRAWAL GAETZ AVE + 22ND ST 1A66",320.00,41275,None,""
2019-03-13,"Point of Sale - Interac RETAIL PURCHASE 000001301099 CANADIAN TIRE G",37.33,41276,None,""
2019-03-14,"Branch Transaction WITHDRAWAL IBB GAETZ AVE & 67TH ST BANKING CE",1200.00,41262,None,""
2019-03-14,"Automated Banking Machine ATM WITHDRAWAL GAETZ AVE + 22ND ST 1A66",100.00,41266,None,""
2019-03-14,"Automated Banking Machine ATM WITHDRAWAL GAETZ AVE + 67TH ST 1E0U",200.00,41267,None,""
2019-03-15,"Branch Transaction NON-SUFFICIENT FUNDS CHARGE",180.00,41244,None,""
2019-03-19,"Internet Banking INTERNET BILL PMT000000220521 MASTERCARD, BMO 4506*********476",300.00,34990,None,""
2019-03-21,"Automated Banking Machine ATM WITHDRAWAL GAETZ AVE + 22ND ST 1A66",400.00,41229,None,""
2019-03-21,"Point of Sale - Interac RETAIL PURCHASE 562001001011 RED DEER REGIST",129.45,41231,None,""
2019-03-21,"Point of Sale - Interac RETAIL PURCHASE 000001013439 RED DEER BUFFET",14.69,41232,None,""
2019-03-22,"Point of Sale - Interac RETAIL PURCHASE 000001295195 CEN AB CO-OP TA",12.79,41219,None,""
2019-03-22,"Point of Sale - Interac RETAIL PURCHASE 000001155073 PLENTY OF LIQUO",191.94,41222,None,""
2019-03-22,"Point of Sale - Interac RETAIL PURCHASE 159001001003 RED DEER REGIST",656.70,41225,None,""
2019-03-22,"Point of Sale - Interac RETAIL PURCHASE 000001001237 RIFCO NATIONAL",860.09,41226,None,""
2019-03-22,"Point of Sale - Interac RETAIL PURCHASE 000001373008 Fas Gas SOUTHSI",121.00,41227,None,""
2019-03-22,"Point of Sale - Interac RETAIL PURCHASE 908109278515 TIM HORTONS #17",8.86,41228,None,""
2019-03-25,"Point of Sale - Interac PURCHASE000001540038 GEORGE'S PIZZA 4506*********468",59.34,34988,None,""
2019-03-25,"Point of Sale - Interac RETAIL PURCHASE 908208777357 TIM HORTONS #17",6.65,36008,None,""
2019-03-25,"Automated Banking Machine ATM WITHDRAWAL GAETZ AVE + 22ND ST 1F2X",200.00,41207,None,""
2019-03-25,"Point of Sale - Interac RETAIL PURCHASE 000001001128 STAPLES#285",64.06,41208,None,""
2019-03-26,"Point of Sale - Interac RETAIL PURCHASE 000001390089 22654 MACS CONV",11.40,41203,None,""
2019-03-26,"Automated Banking Machine ATM WITHDRAWAL GAETZ AVE + 22ND ST 1F2X",120.00,41204,None,""
2019-03-27,"Automated Banking Machine ATM WITHDRAWAL GAETZ AVE + 67TH ST 1E0U",260.00,41198,None,""
2019-03-27,"Point of Sale - Interac RETAIL PURCHASE 000001001542 MR. SUDS INC",12.00,41200,None,""
2019-03-27,"Automated Banking Machine ATM WITHDRAWAL GAETZ AVE + 22ND ST 1F2X",160.00,41202,None,""
2019-03-28,"Point of Sale - Interac RETAIL PURCHASE 000001796074 MR.SUDS INC.",7.70,41187,None,""
2019-03-28,"Point of Sale - Interac RETAIL PURCHASE 000001322002 ERLES AUTO REPA",1649.16,41188,None,""
2019-03-28,"Point of Sale - Interac RETAIL PURCHASE 000001796027 MR.SUDS INC.",3.60,41190,None,""
2019-03-28,"Point of Sale - Interac RETAIL PURCHASE 908609146366 TIM HORTONS #27",11.26,41191,None,""
2019-03-28,"Point of Sale - Interac RETAIL PURCHASE 000001591073 RUN'N ON EMPTY",69.01,41193,None,""
2019-03-29,"Branch Transaction OVERDRAFT INTEREST CHARGE",11.74,41171,None,""
2019-03-29,"Point of Sale - Interac RETAIL PURCHASE 000001797081 MR.SUDS INC.",5.50,41181,None,""
2019-03-29,"Branch Transaction WITHDRAWAL IBB GAETZ AVE & 67TH ST BANKING CE",1000.00,41183,None,""
2019-04-01,"Automated Banking Machine ABM WITHDRAWAL 1E0U GAETZ AVE + 67TH ST 18242 4506*********468",300.00,34986,None,""
2019-04-01,"Point of Sale - Interac RETAIL PURCHASE 909114350377 SOBEYS #5175",19.19,35999,None,""
2019-04-01,"Point of Sale - Interac RETAIL PURCHASE 000001723031 Fas Gas SOUTHSI",60.00,36001,None,""
2019-04-01,"Automated Banking Machine ATM WITHDRAWAL GAETZ AVE + 22ND ST 1F2X",380.00,36003,None,""
2019-04-01,"Point of Sale - Visa Debit INTL VISA DEB RETAIL PURCHASE IN *LMS 909166341930 155.00 USD @ 1.378387",213.65,41165,None,""
2019-04-01,"Point of Sale - Visa Debit INTL VISA DEB RETAIL PURCHASE IN *LMS 909164189746 75.00 USD @ 1.378400",103.38,41166,None,""
2019-04-01,"Point of Sale - Interac RETAIL PURCHASE 909005072612 TIM HORTONS #10",6.65,41167,None,""
2019-04-02,"Automated Banking Machine ATM WITHDRAWAL INTERAC/CCCS SCD 0869",183.50,41162,None,""
2019-04-03,"Branch Transaction WITHDRAWAL IBB GAETZ AVE & 67TH ST BANKING CE",900.00,41152,None,""
2019-04-03,"Point of Sale - Interac RETAIL PURCHASE 000001905014 7 ELEVEN STORE",54.01,41155,None,""
2019-04-04,"Automated Banking Machine ABM WITHDRAWAL 2D54 GAETZ AVE + 67TH ST 18242 4506*********468",80.00,34985,None,""
2019-04-04,"Point of Sale - Interac RETAIL PURCHASE 000001368015 Fas Gas SOUTHSI",105.00,41148,None,""
2019-04-04,"Point of Sale - Interac RETAIL PURCHASE 000001244001 RED DEER LOCK &",373.80,41149,None,""
2019-04-04,"Point of Sale - Interac RETAIL PURCHASE 909309625013 TIM HORTONS #27",11.36,41151,None,""
2019-04-05,"Branch Transaction NON-SUFFICIENT FUNDS CHARGE",45.00,41132,None,""
2019-04-05,"Point of Sale - Interac RETAIL PURCHASE 000001142070 RUN'N ON EMPTY",22.88,41140,None,""
2019-04-05,"Branch Transaction WITHDRAWAL IBB GAETZ AVE & 67TH ST BANKING CE",1200.00,41141,None,""
2019-04-05,"Point of Sale - Interac RETAIL PURCHASE 000001167008 Fas Gas SOUTHSI",20.00,41142,None,""
2019-04-05,"Point of Sale - Interac RETAIL PURCHASE 864001001032 REAL CDN SUPERS",217.74,41144,None,""
2019-04-05,"Point of Sale - Interac RETAIL PURCHASE 000001307010 NATIONAL MONEYM",150.00,41145,None,""
2019-04-05,"Point of Sale - Interac RETAIL PURCHASE 000001988214 Fas Gas WESTPAR",11.64,41146,None,""
2019-04-05,"Point of Sale - Interac RETAIL PURCHASE 000001262029 Fas Gas WESTPAR",140.01,41147,None,""
2019-04-08,"Point of Sale - Interac RETAIL PURCHASE 000001322051 SUPER CLEAN CAR",7.35,35985,None,""
2019-04-08,"Point of Sale - Interac RETAIL PURCHASE 000001290039 LIQUOR BOUTIQUE",37.74,35986,None,""
2019-04-08,"Point of Sale - Interac RETAIL PURCHASE 909616943576 ACE LIQUOR 49TH",35.00,35987,None,""
2019-04-08,"Point of Sale - Interac RETAIL PURCHASE 000001625046 Fas Gas SOUTHSI",56.02,35988,None,""
2019-04-08,"Point of Sale - Interac RETAIL PURCHASE 000001078860 PLENTY OF LIQUO",87.12,35989,None,""
2019-04-08,"Point of Sale - Interac RETAIL PURCHASE 000001078859 PLENTY OF LIQUO",195.64,35990,None,""
2019-04-08,"Point of Sale - Interac RETAIL PURCHASE 000001078858 PLENTY OF LIQUO",82.25,35991,None,""
2019-04-08,"Point of Sale - Interac RETAIL PURCHASE 000001616030 Fas Gas SOUTHSI",88.00,35992,None,""
2019-04-08,"Point of Sale - Interac RETAIL PURCHASE 909614872198 SOBEYS #9526",214.83,35993,None,""
2019-04-08,"Point of Sale - Interac RETAIL PURCHASE 713102332901 THE HOME DEPOT",51.91,35995,None,""
2019-04-08,"Point of Sale - Interac RETAIL PURCHASE 238001001009 TIP TOP TAILORS",62.49,41125,None,""
2019-04-08,"Point of Sale - Visa Debit VISA DEBIT RETAIL PURCHASE APL* ITUNES.COM 909663404032",7.34,41130,None,""
2019-04-08,"Point of Sale - Visa Debit VISA DEBIT RETAIL PURCHASE APL*ITUNES.COM/ 909674312351",16.79,41131,None,""
2019-04-09,"Point of Sale - Interac RETAIL PURCHASE 000001630028 RUN'N ON EMPTY",68.60,41116,None,""
2019-04-09,"Point of Sale - Interac RETAIL PURCHASE 000001001960 STAPLES#285",10.49,41117,None,""
2019-04-09,"Point of Sale - Visa Debit VISA DEBIT RETAIL PURCHASE ROGERS/FIDO BIL 909934769081",324.61,41118,None,""
2019-04-09,"Automated Banking Machine ATM WITHDRAWAL GAETZ AVE + 22ND ST 2C92",600.00,41120,None,""
2019-04-09,"Point of Sale - Visa Debit VISA DEBIT RETAIL PURCHASE APL*ITUNES.COM/ 909974119008",16.79,41123,None,""
2019-04-10,"Point of Sale - Interac RETAIL PURCHASE 910017325881 ROGERS 5680",73.50,41108,None,""
2019-04-10,"Point of Sale - Interac RETAIL PURCHASE 000001633013 RUN'N ON EMPTY",243.11,41110,None,""
2019-04-10,"Point of Sale - Interac RETAIL PURCHASE 000001633012 RUN'N ON EMPTY",36.00,41111,None,""
2019-04-10,"Automated Banking Machine ATM WITHDRAWAL GAETZ AVE + 22ND ST 1F2X",400.00,41113,None,""
2019-04-11,"Point of Sale - Interac RETAIL PURCHASE 000001332004 ERLES AUTO REPA",480.00,41104,None,""
2019-04-11,"Automated Banking Machine ATM WITHDRAWAL GAETZ AVE + 67TH ST 2D54",200.00,41107,None,""
2019-04-12,"Automated Banking Machine ATM WITHDRAWAL GAETZ AVE + 67TH ST 1E0U",340.00,41097,None,""
2019-04-12,"Point of Sale - Interac RETAIL PURCHASE 000001155490 PLENTY OF LIQUO",149.86,41098,None,""
2019-04-12,"Point of Sale - Interac RETAIL PURCHASE 000001155489 PLENTY OF LIQUO",109.21,41099,None,""
2019-04-12,"Point of Sale - Interac RETAIL PURCHASE 000001155488 PLENTY OF LIQUO",112.60,41100,None,""
2019-04-12,"Point of Sale - Interac RETAIL PURCHASE 000001155487 PLENTY OF LIQUO",148.03,41101,None,""
2019-04-12,"Point of Sale - Interac RETAIL PURCHASE 000001638056 RUN'N ON EMPTY",80.00,41102,None,""
2019-04-15,"Automated Banking Machine ATM WITHDRAWAL GAETZ AVE + 67TH ST 2D54",900.00,41084,None,""
2019-04-15,"Point of Sale - Interac RETAIL PURCHASE 000001647081 RUN'N ON EMPTY",29.99,41085,None,""
2019-04-16,"Automated Banking Machine ATM WITHDRAWAL GAETZ AVE + 67TH ST 2D54",440.00,41082,None,""
2019-04-18,"Automated Banking Machine ATM WITHDRAWAL GAETZ AVE + 22ND ST 1F2X",300.00,41072,None,""
2019-04-18,"Point of Sale - Interac RETAIL PURCHASE 910709900633 TIM HORTONS #27",11.57,41073,None,""
2019-04-18,"Point of Sale - Interac RETAIL PURCHASE 000001001980 WENDY'S",22.55,41079,None,""
2019-04-22,"Point of Sale - Interac PURCHASE000001747004 Fas Gas SOUTHSI 4506*********468",34.01,34980,None,""
2019-04-22,"Point of Sale - Interac PURCHASE000001001016 WAL-MART #3194 4506*********468",49.27,34981,None,""
2019-04-22,"Point of Sale - Interac PURCHASE000001001862 WAL-MART #3194 4506*********468",107.97,34982,None,""
2019-04-22,"Point of Sale - Interac RETAIL PURCHASE 911021209037 CAMBRIDGE RED D",33.99,41068,None,""
2019-04-22,"Point of Sale - Interac RETAIL PURCHASE 000001386002 Fas Gas SOUTHSI",100.00,41070,None,""
2019-04-22,"Point of Sale - Interac RETAIL PURCHASE 000001303131 CENTEX DEERPARK",4.92,41071,None,""
2019-04-23,"Automated Banking Machine ATM WITHDRAWAL GAETZ AVE + 67TH ST 2D54",300.00,41052,None,""
2019-04-23,"Point of Sale - Visa Debit VISA DEBIT RETAIL PURCHASE APL* ITUNES.COM 911342237604",29.39,41057,None,""
2019-04-23,"Point of Sale - Visa Debit VISA DEBIT RETAIL PURCHASE APL* ITUNES.COM 911372478234",29.39,41058,None,""
2019-04-24,"Automated Banking Machine ATM WITHDRAWAL GAETZ AVE + 22ND ST 1F2X",300.00,41046,None,""
2019-04-24,"Point of Sale - Interac RETAIL PURCHASE 000001392016 Fas Gas SOUTHSI",151.89,41047,None,""
2019-04-24,"Point of Sale - Interac RETAIL PURCHASE 911410501272 600 - LD GAETZ",44.35,41048,None,""
2019-04-24,"Point of Sale - Interac RETAIL PURCHASE 911309489922 TIM HORTONS #27",12.91,41049,None,""
2019-04-25,"Point of Sale - Interac PURCHASE000001987006 Fas Gas SOUTHSI 4506*********468",20.00,34979,None,""
2019-04-25,"Automated Banking Machine ATM WITHDRAWAL INTERAC/CCCS SCD 0869",203.50,41042,None,""
2019-04-25,"Point of Sale - Interac RETAIL PURCHASE 911409964347 TIM HORTONS #27",4.61,41043,None,""
2019-04-26,"Point of Sale - Interac PURCHASE130001001050 7 ELEVEN STORE 4506*********468",161.45,34977,None,""
2019-04-26,"Automated Banking Machine ATM WITHDRAWAL GAETZ AVE + 67TH ST 2D54",300.00,41035,None,""
2019-04-26,"Point of Sale - Interac RETAIL PURCHASE 000001001555 A BUCK OR TWO #",13.34,41040,None,""
2019-04-29,"Point of Sale - Interac PURCHASE555001001092 7 ELEVEN STORE 4506*********468",12.50,34974,None,""
2019-04-29,"Point of Sale - Interac PURCHASE000059830428 JACKPOT CASINO 4506*********468",105.00,34975,None,""
2019-04-29,"Automated Banking Machine ABM WITHDRAWAL 2C92 GAETZ AVE + 22ND ST 99512 4506*********468",160.00,34976,None,""
2019-04-29,"Point of Sale - Visa Debit VISA DEBIT RETAIL PURCHASE ROGERS/FIDO BIL 911632317382",602.42,41027,None,""
2019-04-30,"Branch Transaction OVERDRAFT INTEREST CHARGE",9.05,41018,None,""
2019-05-01,"Automated Banking Machine ABM WITHDRAWAL 2C92 GAETZ AVE + 22ND ST 99512 4506*********468",200.00,34971,None,""
2019-05-01,"Branch Transaction WITHDRAWAL IBB GAETZ AVE & 67TH ST BANKING CE",2100.00,41016,None,""
2019-05-02,"Branch Transaction NON-SUFFICIENT FUNDS CHARGE",45.00,41013,None,""
2019-05-03,"Automated Banking Machine ABM WITHDRAWAL 0003 INTERAC/RBC SCD 09502 4506*********468",63.00,34970,None,""
2019-05-03,"Branch Transaction NON-SUFFICIENT FUNDS CHARGE",45.00,41005,None,""
2019-05-06,"Point of Sale - Interac PURCHASE000001001689 WAL-MART #3075 4506*********468",19.78,34964,None,""
2019-05-06,"Point of Sale - Interac PURCHASE000001706021 RUN'N ON EMPTY 4506*********468",54.46,34965,None,""
2019-05-06,"Automated Banking Machine ABM WITHDRAWAL 2D54 GAETZ AVE + 67TH ST 18242 4506*********468",140.00,34966,None,""
2019-05-06,"Point of Sale - Interac PURCHASE000001001851 WENDY'S 4506*********468",10.26,34967,None,""
2019-05-06,"Point of Sale - Interac PURCHASE000001001716 WAL-MART #3075 4506*********468",78.75,34968,None,""
2019-05-06,"Point of Sale - Interac RETAIL PURCHASE 000001008013 Fas Gas SOUTHSI",11.43,35970,None,""
2019-05-06,"Point of Sale - Interac RETAIL PURCHASE 000001325002 Fas Gas SOUTHSI",40.00,35971,None,""
2019-05-06,"Automated Banking Machine ATM WITHDRAWAL GAETZ AVE + 67TH ST 2D54",200.00,35972,None,""
2019-05-06,"Point of Sale - Interac RETAIL PURCHASE 000001001129 SAVE ON FOODS #",17.10,35973,None,""
2019-05-06,"Automated Banking Machine ATM WITHDRAWAL INTERAC/RBC SCD 0003",303.00,35978,None,""
2019-05-06,"Point of Sale - Interac RETAIL PURCHASE 000001677060 Fas Gas SOUTHSI",96.00,35979,None,""
2019-05-07,"Automated Banking Machine ATM WITHDRAWAL GAETZ AVE + 67TH ST 2D54",220.00,35964,None,""
2019-05-07,"Point of Sale - Interac RETAIL PURCHASE 000001672022 Fas Gas SOUTHSI",119.00,40997,None,""
2019-05-08,"Point of Sale - Interac PURCHASE000001001557 SHELL FLYING J 4506*********468",20.00,34963,None,""
2019-05-08,"Automated Banking Machine ATM WITHDRAWAL GAETZ AVE + 67TH ST 2D54",740.00,40991,None,""
2019-05-08,"Internet Banking INTERNET BILL PAY 000000238203 FIRST INSURANCE FUNDING-C",3756.63,40992,None,""
2019-05-08,"Point of Sale - Interac RETAIL PURCHASE 000001714057 RUN'N ON EMPTY",78.74,40995,None,""
2019-05-08,"Point of Sale - Interac RETAIL PURCHASE 912709192364 TIM HORTONS #27",9.03,40996,None,""
2019-05-10,"Branch Transaction NON-SUFFICIENT FUNDS CHARGE",135.00,40982,None,""
2019-05-10,"Automated Banking Machine ATM WITHDRAWAL GAETZ AVE + 67TH ST 1E0U",700.00,40989,None,""
2019-05-13,"Point of Sale - Interac PURCHASE000000039648 PETRO-CANADA 4506*********468",23.20,34961,None,""
2019-05-13,"Point of Sale - Interac PURCHASE000001440017 22564 MACS CONV 4506*********468",12.44,34962,None,""
2019-05-13,"Point of Sale - Interac RETAIL PURCHASE 000001358063 SUPER CLEAN CAR",5.25,35961,None,""
2019-05-15,"Branch Transaction WITHDRAWAL IBB GAETZ AVE & 67TH ST BANKING CE",2000.00,40968,None,""
2019-05-15,"Point of Sale - Interac RETAIL PURCHASE 000001502006 Fas Gas SOUTHSI",100.00,40970,None,""
2019-05-15,"Point of Sale - Interac RETAIL PURCHASE 000001501026 Fas Gas WESTPAR",98.92,40971,None,""
2019-05-15,"Point of Sale - Interac RETAIL PURCHASE 000001487022 Fas Gas WESTPAR",41.00,40972,None,""
2019-05-15,"Point of Sale - Visa Debit VISA DEBIT RETAIL PURCHASE APL* ITUNES.COM 913543817874",7.34,40974,None,""
2019-05-16,"Point of Sale - Interac RETAIL PURCHASE 000001172013 RUN'N ON EMPTY",48.35,40966,None,""
2019-05-17,"Branch Transaction NON-SUFFICIENT FUNDS CHARGE",90.00,40953,None,""
2019-05-17,"Branch Transaction WITHDRAWAL IBB GAETZ AVE & 67TH ST BANKING CE",1380.00,40962,None,""
2019-05-17,"Point of Sale - Visa Debit VISA DEBIT RETAIL PURCHASE APL*ITUNES.COM/ 913761950042",16.79,40964,None,""
2019-05-17,"Point of Sale - Interac RETAIL PURCHASE 000001700064 Fas Gas SOUTHSI",20.00,40965,None,""
2019-05-21,"Point of Sale - Interac PURCHASE310001001030 REAL CDN SUPERS 4506*********468",6.87,34960,None,""
2019-05-22,"Point of Sale - Interac PURCHASE000001281004 MCDONALD'S #159 4506*********468",5.45,34957,None,""
2019-05-22,"Point of Sale - Interac PURCHASE000001281003 MCDONALD'S #159 4506*********468",3.64,34958,None,""
2019-05-22,"Automated Banking Machine ATM WITHDRAWAL GAETZ AVE + 67TH ST 2D54",1000.00,40947,None,""
2019-05-23,"Point of Sale - Interac RETAIL PURCHASE 000001103025 Fas Gas WESTPAR",48.01,40938,None,""
2019-05-23,"Automated Banking Machine ATM WITHDRAWAL GAETZ AVE + 22ND ST 2C92",800.00,40939,None,""
2019-05-23,"Point of Sale - Interac RETAIL PURCHASE 000001711016 Fas Gas SOUTHSI",49.00,40940,None,""
2019-05-23,"Point of Sale - Interac RETAIL PURCHASE 000001001915 AIR-SERV BG FU",1.50,40942,None,""
2019-05-23,"Point of Sale - Interac RETAIL PURCHASE 134001001077 REAL CDN SUPERS",576.47,40943,None,""
2019-05-23,"Point of Sale - Interac RETAIL PURCHASE 134001001076 REAL CDN SUPERS",279.82,40944,None,""
2019-05-24,"Automated Banking Machine ATM WITHDRAWAL GAETZ AVE + 67TH ST 2D54",200.00,40927,None,""
2019-05-24,"Point of Sale - Interac RETAIL PURCHASE 000001534076 Fas Gas RED DEE",142.80,40928,None,""
2019-05-24,"Branch Transaction WITHDRAWAL IBB GAETZ AVE & 67TH ST BANKING CE",2000.00,40929,None,""
2019-05-24,"Point of Sale - Interac RETAIL PURCHASE 000001433025 Fas Gas SOUTHSI",140.00,40931,None,""
2019-05-24,"Point of Sale - Interac RETAIL PURCHASE 000001785196 Fas Gas SOUTHSI",29.39,40932,None,""
2019-05-27,"Automated Banking Machine ATM WITHDRAWAL GAETZ AVE + 22ND ST 2C92",320.00,35957,None,""
2019-05-27,"Point of Sale - Interac RETAIL PURCHASE 000001182047 RUN'N ON EMPTY",66.40,40914,None,""
2019-05-27,"Point of Sale - Interac RETAIL PURCHASE 000001001492 AIR-SERV PARKL",1.50,40920,None,""
2019-05-28,"Automated Banking Machine ATM WITHDRAWAL GAETZ AVE + 22ND ST 1A66",260.00,40912,None,""
2019-05-29,"Branch Transaction WITHDRAWAL",1600.00,40909,None,""
2019-05-29,"Point of Sale - Interac RETAIL PURCHASE 000001712004 CEN AB CO-OP TI",74.00,40910,None,""
2019-05-30,"Branch Transaction WITHDRAWAL IBB GAETZ AVE & 67TH ST BANKING CE",2200.00,40907,None,""
2019-05-31,"Branch Transaction OVERDRAFT INTEREST CHARGE",8.96,40895,None,""
2019-06-03,"Automated Banking Machine ABM WITHDRAWAL 2G49 CLEARVIEW BKNG CTR 99512 4506*********468",100.00,34953,None,""
2019-06-03,"Branch Transaction NON-SUFFICIENT FUNDS CHARGE",45.00,40884,None,""
2019-06-03,"Point of Sale - Visa Debit INTL VISA DEB RETAIL PURCHASE IN *LMS 915461698064 75.00 USD @ 1.390533",104.29,40887,None,""
2019-06-03,"Point of Sale - Visa Debit INTL VISA DEB RETAIL PURCHASE IN *LMS 915465707603 75.00 USD @ 1.390533",104.29,40888,None,""
2019-06-03,"Point of Sale - Visa Debit INTL VISA DEB RETAIL PURCHASE IN *LMS 915467718101 155.00 USD @ 1.390581",215.54,40889,None,""
2019-06-03,"Point of Sale - Visa Debit INTL VISA DEB RETAIL PURCHASE IN *LMS 915467717816 155.00 USD @ 1.390581",215.54,40890,None,""
2019-06-05,"Branch Transaction WITHDRAWAL IBB GAETZ AVE & 67TH ST BANKING CE",500.00,40880,None,""
2019-06-05,"Point of Sale - Interac RETAIL PURCHASE 000001614039 GEORGE'S PIZZA",22.68,40882,None,""
2019-06-06,"Automated Banking Machine ABM WITHDRAWAL 1A66 GAETZ AVE + 22ND ST 99512 4506*********468",140.00,34948,None,""
2019-06-06,"Point of Sale - Interac PURCHASE915420611429 NORTH HILL STOR 4506*********468",21.42,34949,None,""
2019-06-06,"Point of Sale - Interac PURCHASE000001001744 CANADIAN TIRE # 4506*********468",20.56,34950,None,""
2019-06-06,"Point of Sale - Interac PURCHASE388001001137 REAL CDN SUPERS 4506*********468",73.74,34951,None,""
2019-06-06,"Automated Banking Machine ATM WITHDRAWAL GAETZ AVE + 67TH ST 2D54",300.00,40870,None,""
2019-06-06,"Point of Sale - Interac RETAIL PURCHASE 000001772045 RUN'N ON EMPTY",52.34,40873,None,""
2019-06-06,"Point of Sale - Visa Debit VISA DEBIT RETAIL PURCHASE BE* C-Rewards 915712210478",40.00,40874,None,""
2019-06-06,"Automated Banking Machine ATM WITHDRAWAL INTERAC/TNS SCD 1127",63.00,40876,None,""
2019-06-06,"Automated Banking Machine ATM WITHDRAWAL GAETZ AVE + 67TH ST 2D54",800.00,40877,None,""
2019-06-06,"Internet Banking INTERNET BILL PAY 000000269018 FIRST INSURANCE FUNDING-C",3756.63,40878,None,""
2019-06-07,"Automated Banking Machine ABM WITHDRAWAL 2C92 GAETZ AVE + 22ND ST 99512 4506*********468",100.00,34947,None,""
2019-06-07,"Point of Sale - Visa Debit VISA DEBIT RETAIL PURCHASE FACEBK *SZYJXJA 915832322719",12.09,40865,None,""
2019-06-07,"Point of Sale - Visa Debit VISA DEBIT RETAIL PURCHASE FACEBK SZTKJKWD 915810441804",30.01,40866,None,""
2019-06-07,"Automated Banking Machine ATM WITHDRAWAL GAETZ AVE + 67TH ST 2D54",500.00,40868,None,""
2019-06-10,"Point of Sale - Interac PURCHASE000001001034 SHELL FLYING J 4506*********468",15.00,34945,None,""
2019-06-10,"Automated Banking Machine ABM WITHDRAWAL 2D54 GAETZ AVE + 67TH ST 18242 4506*********468",80.00,34946,None,""
2019-06-10,"Automated Banking Machine ATM WITHDRAWAL GAETZ AVE + 67TH ST 2D54",780.00,40853,None,""
2019-06-10,"Point of Sale - Visa Debit VISA DEBIT RETAIL PURCHASE BE* C-Rewards 915900102786",40.00,40857,None,""
2019-06-11,"Point of Sale - Interac RETAIL PURCHASE 100001001009 SUSHI KOON",10.45,40845,None,""
2019-06-11,"Point of Sale - Interac RETAIL PURCHASE 000001001254 RIFCO NATIONAL",900.00,40846,None,""
2019-06-11,"Point of Sale - Interac RETAIL PURCHASE 000001196004 RUN'N ON EMPTY",83.02,40847,None,""
2019-06-11,"Point of Sale - Interac RETAIL PURCHASE 916110828562 TIM HORTONS #27",13.35,40849,None,""
2019-06-11,"Point of Sale - Interac RETAIL PURCHASE 000001736006 Fas Gas SOUTHSI",100.00,40850,None,""
2019-06-12,"Automated Banking Machine ATM WITHDRAWAL GAETZ AVE + 67TH ST 2D54",100.00,40835,None,""
2019-06-12,"Point of Sale - Interac RETAIL PURCHASE 000001785060 RUN'N ON EMPTY",11.70,40840,None,""
2019-06-12,"Point of Sale - Visa Debit VISA DEBIT RETAIL PURCHASE FACEBK *JGH98KN 916363040014",12.00,40841,None,""
2019-06-14,"Point of Sale - Interac RETAIL PURCHASE 000001790016 RUN'N ON EMPTY",135.30,40822,None,""
2019-06-14,"Point of Sale - Interac RETAIL PURCHASE 000001582181 A&W #1456",27.05,40828,None,""
2019-06-14,"Point of Sale - Interac RETAIL PURCHASE 000001001953 WAL-MART #3075",270.68,40831,None,""
2019-06-17,"Point of Sale - Interac PURCHASE000000001531 PETRO-CANADA 4506*********468",29.57,34940,None,""
2019-06-17,"Point of Sale - Interac PURCHASE000000001520 PETRO-CANADA 4506*********468",12.59,34941,None,""
2019-06-17,"Point of Sale - Interac PURCHASE000001094009 Fas Gas SOUTHSI 4506*********468",24.39,34942,None,""
2019-06-17,"Automated Banking Machine ABM WITHDRAWAL 1127 INTERAC/TNS SCD 09502 4506*********468",102.95,34943,None,""
2019-06-17,"Point of Sale - Interac RETAIL PURCHASE 000001588049 SUPER CLEAN CAR",10.00,35942,None,""
2019-06-17,"Automated Banking Machine ATM WITHDRAWAL INTERAC/RBC SCD 0003",403.00,35945,None,""
2019-06-17,"Automated Banking Machine ATM WITHDRAWAL INTERAC/RBC SCD 0003",103.00,35946,None,""
2019-06-17,"Point of Sale - Interac RETAIL PURCHASE 368001001070 REAL CDN SUPERS",272.34,35947,None,""
2019-06-17,"Branch Transaction WITHDRAWAL IBB GAETZ AVE & 67TH ST BANKING CE",2380.00,40801,None,""
2019-06-17,"Point of Sale - Visa Debit VISA DEBIT RETAIL PURCHASE FACEBK *QUA79K2 916831275315",12.00,40804,None,""
2019-06-17,"Point of Sale - Interac RETAIL PURCHASE 000001078256 PLENTY OF LIQUO",35.41,40810,None,""
2019-06-18,"Point of Sale - Interac PURCHASE000001939066 CEN AB CO-OP BL 4506*********468",20.00,34936,None,""
2019-06-18,"Point of Sale - Interac PURCHASE000001010331 SCOTTY'S 4506*********468",9.84,34937,None,""
2019-06-18,"Point of Sale - Interac PURCHASE094001001008 MICHAELS #3910 4506*********468",6.92,34938,None,""
2019-06-18,"Point of Sale - Interac RETAIL PURCHASE 916811261877 TIM HORTONS #27",11.68,35938,None,""
2019-06-19,"Point of Sale - Interac RETAIL PURCHASE 916909675598 TIM HORTONS #27",7.75,40796,None,""
2019-06-20,"Point of Sale - Interac PURCHASE922001001015 HUSKY RED DEER 4506*********468",25.02,34935,None,""
2019-06-20,"Point of Sale - Interac RETAIL PURCHASE 000001205054 RUN'N ON EMPTY",51.00,40789,None,""
2019-06-20,"Internet Banking INTERNET BILL PAY 000000275129 ROGERS (9 DIGIT ACCOUNT N",1064.48,40791,None,""
2019-06-21,"Point of Sale - Interac PURCHASE000001114023 CENTRAL ALBERTA 4506*********468",10.20,34931,None,""
2019-06-21,"Point of Sale - Interac PURCHASE000001114022 CENTRAL ALBERTA 4506*********468",43.85,34932,None,""
2019-06-21,"Point of Sale - Interac PURCHASE000001179134 Fas Gas WESTPAR 4506*********468",34.57,34933,None,""
2019-06-21,"Branch Transaction NON-SUFFICIENT FUNDS CHARGE",180.00,40769,None,""
2019-06-21,"Point of Sale - Visa Debit INTL VISA DEB RETAIL PURCHASE Infinite Innova 917220600702 663.66 USD @ 1.362098",903.97,40776,None,""
2019-06-24,"Point of Sale - Interac PURCHASE000001542025 22704 MACS CONV 4506*********468",52.50,34926,None,""
2019-06-24,"Automated Banking Machine ABM WITHDRAWAL 2C92 GAETZ AVE + 22ND ST 99512 4506*********468",60.00,34927,None,""
2019-06-24,"Point of Sale - Interac PURCHASE000001181199 Fas Gas WESTPAR 4506*********468",36.66,34928,None,""
2019-06-24,"Automated Banking Machine ABM WITHDRAWAL 1F2X GAETZ AVE + 22ND ST 99512 4506*********468",100.00,34929,None,""
2019-06-24,"Point of Sale - Interac PURCHASE000001001087 WENDY'S 4506*********468",5.01,34930,None,""
2019-06-24,"Point of Sale - Interac RETAIL PURCHASE 917416502512 CAMBRIDGE RED D",57.90,35928,None,""
2019-06-24,"Point of Sale - Interac RETAIL PURCHASE 774001001040 RED DEER SUPERV",22.60,35929,None,""
2019-06-24,"Point of Sale - Interac RETAIL PURCHASE 000001574004 Fas Gas WESTPAR",57.00,35930,None,""
2019-06-24,"Point of Sale - Interac RETAIL PURCHASE 713102574101 THE HOME DEPOT",90.69,35936,None,""
2019-06-24,"Point of Sale - Interac RETAIL PURCHASE 000001078487 PLENTY OF LIQUO",96.77,40759,None,""
2019-06-24,"Point of Sale - Interac RETAIL PURCHASE 000001155571 PLENTY OF LIQUO",263.21,40760,None,""
2019-06-24,"Automated Banking Machine ATM WITHDRAWAL GAETZ AVE + 67TH ST 2D54",600.00,40761,None,""
2019-06-25,"Point of Sale - Interac PURCHASE917504096763 TIM HORTONS #03 4506*********468",6.38,34920,None,""
2019-06-25,"Automated Banking Machine ABM WITHDRAWAL 2C92 GAETZ AVE + 22ND ST 99512 4506*********468",40.00,34921,None,""
2019-06-25,"Point of Sale - Interac PURCHASE382001001165 REAL CDN SUPERS 4506*********468",15.23,34922,None,""
2019-06-25,"Point of Sale - Interac PURCHASE000001001387 WAL-MART #3194 4506*********468",49.51,34923,None,""
2019-06-25,"Point of Sale - Interac PURCHASE000001298066 MCDONALD'S #718 4506*********468",5.12,34924,None,""
2019-06-25,"Point of Sale - Interac PURCHASE000001379039 CENTEX NORTHHIL 4506*********468",15.83,34925,None,""
2019-06-25,"Point of Sale - Interac RETAIL PURCHASE 000001210026 RUN'N ON EMPTY",71.90,40753,None,""
2019-06-26,"Branch Transaction WITHDRAWAL IBB GAETZ AVE & 67TH ST BANKING CE",800.00,40749,None,""
2019-06-26,"Point of Sale - Interac RETAIL PURCHASE 000001812025 RUN'N ON EMPTY",102.54,40751,None,""
2019-06-27,"Automated Banking Machine ATM WITHDRAWAL GAETZ AVE + 67TH ST 2D54",1200.00,40737,None,""
2019-06-27,"Branch Transaction WITHDRAWAL IBB GAETZ AVE & 67TH ST BANKING CE",1500.00,40738,None,""
2019-06-27,"Point of Sale - Interac RETAIL PURCHASE 713106924801 THE HOME DEPOT",56.96,40745,None,""
2019-06-28,"Point of Sale - Interac RETAIL PURCHASE 000001055010 Fas Gas RED DEE",59.00,40723,None,""
2019-06-28,"Point of Sale - Visa Debit VISA DEBIT RETAIL PURCHASE FACEBK *27X8GKS 917937746545",12.16,40730,None,""
2019-06-28,"Point of Sale - Interac RETAIL PURCHASE 000001078681 PLENTY OF LIQUO",29.24,40736,None,""
2019-07-02,"Automated Banking Machine ABM WITHDRAWAL 0003 INTERAC/RBC SCD 09502 4506*********468",63.00,34915,None,""
2019-07-02,"Automated Banking Machine ABM WITHDRAWAL 1004 INTERAC/CGI SCD 09502 4506*********468",63.15,34916,None,""
2019-07-02,"Point of Sale - Interac RETAIL PURCHASE 918214384688 DOMINO'S PIZZA",38.45,35916,None,""
2019-07-02,"Point of Sale - Interac RETAIL PURCHASE 001001001024 PRINCESS AUTO 1",26.74,35917,None,""
2019-07-02,"Automated Banking Machine ATM WITHDRAWAL GAETZ AVE + 22ND ST 1F2X",500.00,35919,None,""
2019-07-02,"Point of Sale - Interac RETAIL PURCHASE 000001780036 Fas Gas SOUTHSI",45.50,35920,None,""
2019-07-02,"Point of Sale - Interac RETAIL PURCHASE 000001491010 Fas Gas SOUTHSI",186.06,35921,None,""
2019-07-02,"Internet Banking INTERNET BILL PAY 000000246962 VISA, ROYAL BANK/BANQUE",30.00,35922,None,""
2019-07-02,"Point of Sale - Interac RETAIL PURCHASE 918007326738 TIM HORTONS #75",10.31,35924,None,""
2019-07-02,"Branch Transaction NON-SUFFICIENT FUNDS CHARGE",45.00,40701,None,""
2019-07-02,"Point of Sale - Interac RETAIL PURCHASE 000001312014 22720 MAC'S CON",15.32,40708,None,""
2019-07-02,"Point of Sale - Interac RETAIL PURCHASE 000001483268 22654 MACS CONV",19.19,40709,None,""
2019-07-02,"Point of Sale - Interac RETAIL PURCHASE 000001471008 FONESHOP - ROGE",152.25,40710,None,""
2019-07-02,"Point of Sale - Interac RETAIL PURCHASE 001001001069 BEST BUY #960",26.24,40711,None,""
2019-07-03,"Point of Sale - Interac PURCHASE173001001047 REAL CDN SUPERS 4506*********468",52.50,34909,None,""
2019-07-03,"Point of Sale - Interac PURCHASE319001001058 REAL CDN SUPERS 4506*********468",17.79,34910,None,""
2019-07-03,"Point of Sale - Interac PURCHASE000001399093 EXECUTIVE HOME 4506*********468",29.57,34911,None,""
2019-07-03,"Point of Sale - Visa Debit INTL VISA DEB RETAIL PURCHASE INFINITE INNOVA T19183591751 891.37 USD @ 1.346814",1200.51,40698,None,""
2019-07-05,"Automated Banking Machine ATM WITHDRAWAL GAETZ AVE + 67TH ST 2D54",1700.00,40689,None,""
2019-07-05,"Internet Banking INTERNET BILL PAY 000000211425 FIRST INSURANCE FUNDING-C",3630.12,40690,None,""
2019-07-05,"Point of Sale - Visa Debit VISA DEBIT RETAIL PURCHASE FACEBK *8HLRAKJ 918637513429",14.86,40694,None,""
2019-07-05,"Point of Sale - Interac RETAIL PURCHASE 133001001078 KFC NORTH HILL",10.91,40695,None,""
2019-07-08,"Point of Sale - Interac RETAIL PURCHASE 000001783010 Fas Gas SOUTHSI",65.50,35900,None,""
2019-07-08,"Point of Sale - Interac RETAIL PURCHASE 000001834043 RUN'N ON EMPTY",108.54,35902,None,""
2019-07-08,"Automated Banking Machine ATM WITHDRAWAL INTERAC/RBC SCD 0003",303.00,35907,None,""
2019-07-08,"Point of Sale - Interac RETAIL PURCHASE 382001001063 REAL CDN SUPERS",119.02,35909,None,""
2019-07-08,"Branch Transaction NON-SUFFICIENT FUNDS CHARGE",45.00,40667,None,""
2019-07-10,"Branch Transaction WITHDRAWAL IBB GAETZ AVE & 67TH ST BANKING CE",2780.00,40653,None,""
2019-07-10,"Point of Sale - Visa Debit INTL VISA DEB RETAIL PURCHASE IN *LMS 919168136155 74.00 USD @ 1.347162",99.69,40660,None,""
2019-07-10,"Point of Sale - Visa Debit INTL VISA DEB RETAIL PURCHASE IN *LMS 919161156516 155.00 USD @ 1.347226",208.82,40661,None,""
2019-07-10,"Point of Sale - Interac RETAIL PURCHASE 919018796622 SOBEYS #5175",80.26,40662,None,""
2019-07-10,"Automated Banking Machine ATM WITHDRAWAL GAETZ AVE + 67TH ST 1E0U",350.00,40663,None,""
2019-07-11,"Automated Banking Machine ATM WITHDRAWAL INTERAC/RBC SCD 0003",202.75,40650,None,""
2019-07-12,"Automated Banking Machine ABM WITHDRAWAL 2D54 GAETZ AVE + 67TH ST 18242 4506*********468",20.00,34908,None,""
2019-07-12,"Branch Transaction NON-SUFFICIENT FUNDS CHARGE",270.00,40614,None,""
2019-07-12,"Point of Sale - Interac RETAIL PURCHASE 919311071816 TIM HORTONS #10",9.03,40632,None,""
2019-07-12,"Point of Sale - Interac RETAIL PURCHASE 000001507002 Fas Gas SOUTHSI",103.00,40639,None,""
2019-07-12,"Point of Sale - Interac RETAIL PURCHASE 000001051004 Fas Gas SOUTHSI",85.51,40640,None,""
2019-07-12,"Point of Sale - Interac RETAIL PURCHASE 000001051002 Fas Gas SOUTHSI",84.00,40641,None,""
2019-07-12,"Automated Banking Machine ATM WITHDRAWAL INTERAC/RBC SCD 0003",403.00,40642,None,""
2019-07-12,"Point of Sale - Interac RETAIL PURCHASE 000001050002 Fas Gas SOUTHSI",60.00,40643,None,""
2019-07-15,"Point of Sale - Interac PURCHASE000001397138 CENTEX HIGHLAND 4506*********468",12.82,34907,None,""
2019-07-15,"Branch Transaction WITHDRAWAL IBB GAETZ AVE & 67TH ST BANKING CE",1450.00,35892,None,""
2019-07-15,"Point of Sale - Interac RETAIL PURCHASE 000001996008 Fas Gas RED DEE",145.00,35896,None,""
2019-07-15,"Point of Sale - Interac RETAIL PURCHASE 000001478028 22107 MACS CONV",2.81,40613,None,""
2019-07-16,"Point of Sale - Interac RETAIL PURCHASE 919713009016 TIM HORTONS #10",3.86,35889,None,""
2019-07-16,"Automated Banking Machine ATM WITHDRAWAL GAETZ AVE + 67TH ST 2D54",20.00,35890,None,""
2019-07-16,"Point of Sale - Interac RETAIL PURCHASE 000001303044 MCDONALD'S #703",2.19,35891,None,""
2019-07-17,"Automated Banking Machine ATM WITHDRAWAL GAETZ AVE + 67TH ST 2D54",300.00,40606,None,""
2019-07-17,"Point of Sale - Interac RETAIL PURCHASE 000001858006 RUN'N ON EMPTY",0.84,40608,None,""
2019-07-18,"Point of Sale - Interac RETAIL PURCHASE 611001001005 RED DEER REGIST",854.10,40600,None,""
2019-07-19,"Branch Transaction WITHDRAWAL IBB GAETZ AVE & 67TH ST BANKING CE",2000.00,40587,None,""
2019-07-19,"Point of Sale - Interac RETAIL PURCHASE 000001078133 PLENTY OF LIQUO",225.43,40590,None,""
2019-07-19,"Automated Banking Machine ATM WITHDRAWAL GAETZ AVE + 67TH ST 2D54",40.00,40596,None,""
2019-07-19,"Point of Sale - Interac RETAIL PURCHASE 919919691955 SOBEYS #5175",186.23,40597,None,""
2019-07-22,"Automated Banking Machine ATM WITHDRAWAL GAETZ AVE + 67TH ST 2D54",920.00,35880,None,""
2019-07-22,"Point of Sale - Interac RETAIL PURCHASE 000001233012 RUN'N ON EMPTY",134.11,35882,None,""
2019-07-22,"Automated Banking Machine ATM WITHDRAWAL GAETZ AVE + 67TH ST 2D54",200.00,35884,None,""
2019-07-22,"Point of Sale - Interac RETAIL PURCHASE 000001155330 PLENTY OF LIQUO",50.52,35885,None,""
2019-07-22,"Automated Banking Machine ATM WITHDRAWAL INTERAC/RBC SCD 0003",82.75,40577,None,""
2019-07-22,"Point of Sale - Interac RETAIL PURCHASE 920308315175 TIM HORTON'S #2",6.80,40578,None,""
2019-07-23,"Point of Sale - Interac RETAIL PURCHASE 000001321096 DAIRY QUEEN #26",11.32,40573,None,""
2019-07-25,"Automated Banking Machine ATM WITHDRAWAL GAETZ AVE + 67TH ST 2D54",1020.00,40563,None,""
2019-07-25,"Point of Sale - Interac RETAIL PURCHASE 000001813041 Fas Gas SOUTHSI",98.00,40566,None,""
2019-07-26,"Point of Sale - Interac RETAIL PURCHASE 000001155595 PLENTY OF LIQUO",85.90,40549,None,""
2019-07-26,"Point of Sale - Interac RETAIL PURCHASE 000001078391 PLENTY OF LIQUO",45.52,40552,None,""
2019-07-26,"Point of Sale - Visa Debit INTL VISA DEB RETAIL PURCHASE WIX.COM*4822429 920718240367 168.00 USD @ 1.349762",226.76,40557,None,""
2019-07-26,"Point of Sale - Interac RETAIL PURCHASE 920709300943 TIM HORTONS #10",3.86,40559,None,""
2019-07-26,"Automated Banking Machine ATM WITHDRAWAL INTERAC/RBC SCD 0003",203.00,40561,None,""
2019-07-29,"Point of Sale - Interac RETAIL PURCHASE 000001402004 ERLES AUTO REPA",1141.88,40532,None,""
2019-07-30,"Point of Sale - Interac RETAIL PURCHASE 000001001959 TACO TIME",12.62,40531,None,""
2019-07-31,"Branch Transaction OVERDRAFT INTEREST CHARGE",9.43,40520,None,""
2019-07-31,"Point of Sale - Visa Debit INTL VISA DEB RETAIL PURCHASE WWW.1AND1.COM 921100350434 34.97 USD @ 1.352016",47.28,40530,None,""
2019-08-01,"Automated Banking Machine ATM WITHDRAWAL GAETZ AVE + 67TH ST 2D54",800.00,40512,None,""
2019-08-01,"Point of Sale - Visa Debit INTL VISA DEB RETAIL PURCHASE IN *LMS 921365909853 155.00 USD @ 1.354581",209.96,40514,None,""
2019-08-01,"Point of Sale - Visa Debit INTL VISA DEB RETAIL PURCHASE IN *LMS 921362031006 75.00 USD @ 1.354667",101.60,40517,None,""
2019-08-01,"Point of Sale - Interac RETAIL PURCHASE 000001229056 SHOPPERS DRUG M",99.82,40519,None,""
2019-08-02,"Branch Transaction NON-SUFFICIENT FUNDS CHARGE",45.00,40497,None,""
2019-08-02,"Automated Banking Machine ATM WITHDRAWAL NORTHLAND BANKING CENTRE 1B2D",800.00,40506,None,""
2019-08-02,"Point of Sale - Visa Debit VISA DEBIT RETAIL PURCHASE FACEBK *S34MYKS 921432437344",12.26,40509,None,""
2019-08-06,"Automated Banking Machine ATM WITHDRAWAL INTERAC/RBC SCD 0003",203.00,35867,None,""
2019-08-06,"Point of Sale - Interac RETAIL PURCHASE 000001876001 Fas Gas SOUTHSI",14.79,35869,None,""
2019-08-06,"Point of Sale - Interac RETAIL PURCHASE 000001875081 Fas Gas SOUTHSI",67.29,35870,None,""
2019-08-06,"Point of Sale - Interac RETAIL PURCHASE 921610688387 624 ACE RED DEE",105.25,35872,None,""
2019-08-06,"Point of Sale - Interac RETAIL PURCHASE 000001734217 SAFEWAY #8877",91.01,35873,None,""
2019-08-06,"Point of Sale - Interac RETAIL PURCHASE 000001459004 Fas Gas SOUTHSI",100.00,35875,None,""
2019-08-06,"Automated Banking Machine ATM WITHDRAWAL GAETZ AVE + 67TH ST 2D54",60.00,40488,None,""
2019-08-07,"Automated Banking Machine ATM WITHDRAWAL GAETZ AVE + 67TH ST 2D54",720.00,40483,None,""
2019-08-07,"Automated Banking Machine ATM WITHDRAWAL GAETZ AVE + 67TH ST 2D54",460.00,40485,None,""
2019-08-08,"Automated Banking Machine ATM WITHDRAWAL GAETZ AVE + 67TH ST 2D54",380.00,40477,None,""
2019-08-08,"Point of Sale - Interac RETAIL PURCHASE 000001069008 Fas Gas WESTPAR",30.00,40478,None,""
2019-08-09,"Automated Banking Machine ATM WITHDRAWAL GAETZ AVE + 67TH ST 2D54",240.00,40471,None,""
2019-08-09,"Branch Transaction WITHDRAWAL IBB GAETZ AVE & 67TH ST BANKING CE",1900.00,40473,None,""
2019-08-09,"Point of Sale - Interac RETAIL PURCHASE 000001250023 RUN'N ON EMPTY",30.00,40474,None,""
2019-08-12,"Point of Sale - Interac RETAIL PURCHASE 000001181046 CEN AB CO-OP RE",67.74,40457,None,""
2019-08-12,"Automated Banking Machine ATM WITHDRAWAL GAETZ AVE + 67TH ST 2D54",2100.00,40459,None,""
2019-08-14,"Point of Sale - Interac RETAIL PURCHASE 000001916027 RUN'N ON EMPTY",49.72,40452,None,""
2019-08-15,"Automated Banking Machine ATM WITHDRAWAL GAETZ AVE + 67TH ST 2D54",1140.00,40444,None,""
2019-08-15,"Automated Banking Machine ATM WITHDRAWAL GAETZ AVE + 67TH ST 2D54",1560.00,40446,None,""
2019-08-15,"Point of Sale - Visa Debit VISA DEBIT RETAIL PURCHASE ROGERS/FIDO BIL 922733349934",601.89,40447,None,""
2019-08-15,"Automated Banking Machine ATM WITHDRAWAL INTERAC/RBC SCD 0003",403.00,40449,None,""
2019-08-16,"Branch Transaction NON-SUFFICIENT FUNDS CHARGE",90.00,40426,None,""
2019-08-16,"Point of Sale - Interac RETAIL PURCHASE 922822192904 Wow Windshields",403.20,40436,None,""
2019-08-16,"Point of Sale - Interac RETAIL PURCHASE 000001257056 RUN'N ON EMPTY",118.88,40437,None,""
2019-08-16,"Point of Sale - Interac RETAIL PURCHASE 000001473028 Fas Gas WESTPAR",20.00,40440,None,""
2019-08-19,"Point of Sale - Interac RETAIL PURCHASE 923009112084 TIM HORTON'S #2",1.35,35854,None,""
2019-08-19,"Point of Sale - Interac RETAIL PURCHASE 000001617010 Fas Gas ROSS ST",4.01,35855,None,""
2019-08-19,"Point of Sale - Interac RETAIL PURCHASE 000001350074 SUPERLOW LIQUOR",23.19,35856,None,""
2019-08-19,"Point of Sale - Interac RETAIL PURCHASE 000001874027 Fas Gas SOUTHSI",40.00,35860,None,""
2019-08-19,"Point of Sale - Interac RETAIL PURCHASE 000001357009 Fas Gas SOUTHSI",80.00,35861,None,""
2019-08-21,"Automated Banking Machine ATM WITHDRAWAL GAETZ AVE + 67TH ST 1E0U",1000.00,40401,None,""
2019-08-21,"Point of Sale - Interac RETAIL PURCHASE 000001037034 7 ELEVEN STORE",38.00,40404,None,""
2019-08-21,"Point of Sale - Interac RETAIL PURCHASE 000001461012 SUPER CLEAN CAR",21.00,40405,None,""
2019-08-21,"Point of Sale - Interac RETAIL PURCHASE 000001461009 SUPER CLEAN CAR",17.75,40406,None,""
2019-08-21,"Point of Sale - Interac RETAIL PURCHASE 923209025412 TIM HORTON'S #2",8.18,40407,None,""
2019-08-21,"Point of Sale - Interac RETAIL PURCHASE 000001461007 SUPER CLEAN CAR",20.00,40408,None,""
2019-08-22,"Automated Banking Machine ATM WITHDRAWAL GAETZ AVE + 67TH ST 2D54",200.00,40397,None,""
2019-08-23,"Point of Sale - Interac RETAIL PURCHASE 000001420003 ERLES AUTO REPA",206.20,40384,None,""
2019-08-23,"Internet Banking INTERNET BILL PAY 000000214670 FIRST INSURANCE FUNDING-C",3699.98,40385,None,""
2019-08-23,"Automated Banking Machine ATM WITHDRAWAL GAETZ AVE + 67TH ST 2D54",900.00,40387,None,""
2019-08-23,"Point of Sale - Visa Debit VISA DEBIT RETAIL PURCHASE Ilixium 923524232783",10.00,40391,None,""
2019-08-23,"Point of Sale - Visa Debit VISA DEBIT RETAIL PURCHASE Ilixium 923520226171",20.00,40392,None,""
2019-08-23,"Point of Sale - Visa Debit VISA DEBIT RETAIL PURCHASE Ilixium 923522227988",40.00,40393,None,""
2019-08-26,"Point of Sale - Interac RETAIL PURCHASE 923708425960 TIM HORTON'S #2",2.30,40374,None,""
2019-08-28,"Point of Sale - Interac RETAIL PURCHASE 000001001426 AIR-SERV CANADI",1.50,40364,None,""
2019-08-28,"Automated Banking Machine ATM WITHDRAWAL GAETZ AVE + 67TH ST 2D54",1600.00,40368,None,""
2019-08-29,"Point of Sale - Interac RETAIL PURCHASE 000001267032 RUN'N ON EMPTY",89.40,40359,None,""
2019-08-29,"Point of Sale - Interac RETAIL PURCHASE 000001001223 CANADIAN TIRE #",177.44,40361,None,""
2019-08-29,"Automated Banking Machine ATM WITHDRAWAL INTERAC/RBC SCD 0003",203.00,40363,None,""
2019-08-30,"Branch Transaction OVERDRAFT INTEREST CHARGE",10.05,40342,None,""
2019-08-30,"Point of Sale - Interac RETAIL PURCHASE 000001001534 AIR-SERV PARKL",1.50,40355,None,""
2019-08-30,"Automated Banking Machine ATM WITHDRAWAL GAETZ AVE + 22ND ST 1A66",1800.00,40357,None,""
2019-09-03,"Point of Sale - Interac RETAIL PURCHASE 447001001017 REAL CDN SUPERS",42.77,35845,None,""
2019-09-03,"Point of Sale - Interac RETAIL PURCHASE 000001951045 RUN'N ON EMPTY",177.06,35846,None,""
2019-09-03,"Branch Transaction NON-SUFFICIENT FUNDS CHARGE",45.00,40330,None,""
2019-09-03,"Point of Sale - Visa Debit INTL VISA DEB RETAIL PURCHASE IN *LMS 924667716105 155.00 USD @ 1.369677",212.30,40334,None,""
2019-09-03,"Point of Sale - Visa Debit INTL VISA DEB RETAIL PURCHASE IN *LMS 924662407964 75.00 USD @ 1.369733",102.73,40335,None,""
2019-09-03,"Automated Banking Machine ATM WITHDRAWAL CLEARVIEW BKNG CTR 2G49",1700.00,40340,None,""
2019-09-03,"Point of Sale - Visa Debit INTL VISA DEB RETAIL PURCHASE WWW.1AND1.COM 924200382156 19.98 USD @ 1.366867",27.31,40341,None,""
2019-09-05,"Internet Banking INTERNET BILL PAY 000000235151 FIRST INSURANCE FUNDING-C",3699.98,40324,None,""
2019-09-06,"Automated Banking Machine ATM WITHDRAWAL GAETZ AVE + 22ND ST 1A66",1500.00,40321,None,""
2019-09-09,"Point of Sale - Interac RETAIL PURCHASE 000001356008 SAFEWAY #8877",34.01,35836,None,""
2019-09-10,"Automated Banking Machine ATM WITHDRAWAL GAETZ AVE + 67TH ST 1E0U",2000.00,40308,None,""
2019-09-12,"Automated Banking Machine ATM WITHDRAWAL GAETZ AVE + 22ND ST 1F2X",160.00,40296,None,""
2019-09-13,"Point of Sale - Interac RETAIL PURCHASE 000001001620 AIR-SERV PARKL",1.50,40288,None,""
2019-09-13,"Automated Banking Machine ATM WITHDRAWAL GAETZ AVE + 67TH ST 1E0U",1000.00,40289,None,""
2019-09-13,"Automated Banking Machine ATM WITHDRAWAL GAETZ AVE + 67TH ST 1E0U",2000.00,40290,None,""
2019-09-13,"Automated Banking Machine ATM WITHDRAWAL INTERAC/BNS SCD 0002",203.00,40292,None,""
2019-09-13,"Point of Sale - Interac RETAIL PURCHASE 146001001032 REAL CDN SUPERS",464.52,40293,None,""
2019-09-16,"Point of Sale - Interac RETAIL PURCHASE 000001706004 Fas Gas SOUTHSI",100.00,35830,None,""
2019-09-16,"Automated Banking Machine ATM WITHDRAWAL GAETZ AVE + 22ND ST 1A66",60.00,35831,None,""
2019-09-16,"Point of Sale - Interac RETAIL PURCHASE 000001134008 Fas Gas SOUTHSI",86.00,35832,None,""
2019-09-16,"Point of Sale - Interac RETAIL PURCHASE 000001616030 Fas Gas SOUTHSI",97.02,35833,None,""
2019-09-16,"Branch Transaction WITHDRAWAL IBB GAETZ AVE & 67TH ST BANKING CE",1400.00,40276,None,""
2019-09-17,"Automated Banking Machine ATM WITHDRAWAL GAETZ AVE + 22ND ST 2C92",80.00,35826,None,""
2019-09-18,"Automated Banking Machine ATM WITHDRAWAL GAETZ AVE + 67TH ST 2D54",340.00,40266,None,""
2019-09-18,"Point of Sale - Interac RETAIL PURCHASE 000001565088 22654 MACS CONV",4.19,40268,None,""
2019-09-18,"Point of Sale - Interac RETAIL PURCHASE 000001285015 RUN'N ON EMPTY",84.88,40269,None,""
2019-09-18,"Automated Banking Machine ATM WITHDRAWAL GAETZ AVE + 22ND ST 1F2X",20.00,40271,None,""
2019-09-18,"Point of Sale - Interac RETAIL PURCHASE 000001001488 AIR-SERV CANADI",1.50,40272,None,""
2019-09-19,"Point of Sale - Interac RETAIL PURCHASE 000001001350 STAPLES#285",90.27,40260,None,""
2019-09-19,"Point of Sale - Interac RETAIL PURCHASE 000001952001 BRADLEY'S WATER",306.86,40261,None,""
2019-09-19,"Automated Banking Machine ATM WITHDRAWAL GAETZ AVE + 67TH ST 1E0U",500.00,40262,None,""
2019-09-19,"Point of Sale - Visa Debit VISA DEBIT RETAIL PURCHASE FACEBK *5PD6QLS 926235457958",20.04,40265,None,""
2019-09-20,"Branch Transaction NON-SUFFICIENT FUNDS CHARGE",180.00,40242,None,""
2019-09-20,"Internet Banking INTERNET BILL PAY 000000264124 ROGERS (9 DIGIT ACCOUNT N",424.81,40253,None,""
2019-09-23,"Automated Banking Machine ATM WITHDRAWAL GAETZ AVE + 22ND ST 1F2X",80.00,35816,None,""
2019-09-23,"Point of Sale - Interac RETAIL PURCHASE 000001389016 Fas Gas WESTPAR",59.25,35817,None,""
2019-09-23,"Point of Sale - Interac RETAIL PURCHASE 265001001003 HUSKY DOWNTOWN",45.00,35818,None,""
2019-09-23,"Point of Sale - Interac RETAIL PURCHASE 926408460159 TIM HORTON'S #2",6.91,35819,None,""
2019-09-23,"Automated Banking Machine ATM WITHDRAWAL GAETZ AVE + 22ND ST 1A66",100.00,35821,None,""
2019-09-23,"Point of Sale - Interac RETAIL PURCHASE 458001001066 REAL CDN SUPERS",151.05,35822,None,""
2019-09-23,"Point of Sale - Interac RETAIL PURCHASE 000001001368 AIR-SERV PARKL",1.50,40240,None,""
2019-09-26,"Point of Sale - Interac RETAIL PURCHASE 000001078063 CANADIAN PIZZA",9.00,35814,None,""
2019-09-26,"Point of Sale - Interac RETAIL PURCHASE 000001579087 SHOPPERS DRUG M",8.39,35815,None,""
2019-09-26,"Point of Sale - Interac RETAIL PURCHASE 926914620859 TIM HORTONS #16",11.15,40224,None,""
2019-09-26,"Point of Sale - Interac RETAIL PURCHASE 926809413473 TIM HORTON'S #2",6.91,40226,None,""
2019-09-26,"Automated Banking Machine ATM WITHDRAWAL INTERAC/CCCS SCD 0869",163.50,40228,None,""
2019-09-27,"Point of Sale - Interac RETAIL PURCHASE 000001577147 Fas Gas CROSSRO",6.49,40219,None,""
2019-09-27,"Point of Sale - Interac RETAIL PURCHASE 000001025044 Fas Gas CROSSRO",80.00,40220,None,""
2019-09-30,"Point of Sale - Interac RETAIL PURCHASE 000001625009 22703 MACS CONV",5.40,35808,None,""
2019-09-30,"Point of Sale - Interac RETAIL PURCHASE 000001152008 Fas Gas SOUTHSI",70.00,35809,None,""
2019-09-30,"Point of Sale - Interac RETAIL PURCHASE 000001638033 Fas Gas SOUTHSI",100.00,35810,None,""
2019-09-30,"Branch Transaction OVERDRAFT INTEREST CHARGE",8.70,40193,None,""
2019-09-30,"Point of Sale - Interac RETAIL PURCHASE 000001951049 Fas Gas SOUTHSI",33.50,40200,None,""
2019-09-30,"Point of Sale - Interac RETAIL PURCHASE 927307473706 TIM HORTONS #10",6.91,40204,None,""
2019-09-30,"Point of Sale - Interac RETAIL PURCHASE 000001362233 247 CONVENIENCE",87.51,40209,None,""
2019-10-01,"Point of Sale - Interac RETAIL PURCHASE 000001001651 CALG CO-OP GAS",39.50,40186,None,""
2019-10-01,"Point of Sale - Visa Debit INTL VISA DEB RETAIL PURCHASE IN *LMS 927465293138 155.00 USD @ 1.359355",210.70,40188,None,""
2019-10-01,"Point of Sale - Visa Debit INTL VISA DEB RETAIL PURCHASE IN *LMS 927464753691 75.00 USD @ 1.359333",101.95,40189,None,""
2019-10-01,"Point of Sale - Interac RETAIL PURCHASE 927321842545 CINEPLEX #3132",49.65,40190,None,""
2019-10-01,"Point of Sale - Interac RETAIL PURCHASE 000001015052 RUN'N ON EMPTY",37.50,40191,None,""
2019-10-01,"Point of Sale - Visa Debit INTL VISA DEB RETAIL PURCHASE WWW.1AND1.COM 927322880775 19.98 USD @ 1.359359",27.16,40192,None,""
2019-10-02,"Branch Transaction NON-SUFFICIENT FUNDS CHARGE",45.00,40173,None,""
2019-10-02,"Point of Sale - Interac RETAIL PURCHASE 000620761002 KIPP SCOTT GMC",139.39,40176,None,""
2019-10-03,"Point of Sale - Interac RETAIL PURCHASE 000001935008 Fas Gas SOUTHSI",37.00,35800,None,""
2019-10-03,"Point of Sale - Interac RETAIL PURCHASE 000001956012 Fas Gas SOUTHSI",24.00,35801,None,""
2019-10-04,"Point of Sale - Interac RETAIL PURCHASE 927609419076 TIM HORTON'S #2",4.61,35791,None,""
2019-10-04,"Point of Sale - Interac RETAIL PURCHASE 000001713091 CANADIAN TIRE G",14.44,35794,None,""
2019-10-04,"Point of Sale - Interac RETAIL PURCHASE 927619243851 SOBEYS #5175",129.05,35795,None,""
2019-10-04,"Point of Sale - Interac RETAIL PURCHASE 000001001776 AIR-SERV PETRO",1.50,40169,None,""
2019-10-07,"Point of Sale - Interac RETAIL PURCHASE 000001151038 LIQUOR 7 RED DE",180.00,35788,None,""
2019-10-07,"Point of Sale - Interac RETAIL PURCHASE 000001651006 Fas Gas SOUTHSI",140.00,35789,None,""
2019-10-07,"Automated Banking Machine ATM WITHDRAWAL GAETZ AVE + 67TH ST 1E0U",600.00,40158,None,""
2019-10-07,"Point of Sale - Interac RETAIL PURCHASE 927908938501 TIM HORTON'S #2",5.12,40159,None,""
2019-10-08,"Automated Banking Machine ATM WITHDRAWAL GAETZ AVE + 22ND ST 2C92",200.00,40153,None,""
2019-10-09,"Internet Banking INTERNET BILL PAY 000000220477 FIRST INSURANCE FUNDING-C",2577.64,40151,None,""
2019-10-10,"Point of Sale - Interac RETAIL PURCHASE 928312603631 SOBEYS #5175",131.13,40147,None,""
2019-10-10,"Point of Sale - Interac RETAIL PURCHASE 000001264051 PHOENIX BUFFET",19.90,40149,None,""
2019-10-15,"Automated Banking Machine ABM WITHDRAWAL 1A66 GAETZ AVE + 22ND ST 99512 4506*********534",340.00,34897,None,""
2019-10-15,"Point of Sale - Interac RETAIL PURCHASE 000001179043 Fas Gas WESTPAR",59.51,35786,None,""
2019-10-15,"Point of Sale - Interac RETAIL PURCHASE 928711831964 TIM HORTON'S #2",16.55,40128,None,""
2019-10-16,"Point of Sale - Interac RETAIL PURCHASE 928921134647 Wow Windshields",115.50,40117,None,""
2019-10-16,"Point of Sale - Interac RETAIL PURCHASE 671001001003 RED DEER REGIST",63.90,40119,None,""
2019-10-16,"Point of Sale - Interac RETAIL PURCHASE 671001001002 RED DEER REGIST",366.90,40120,None,""
2019-10-16,"Point of Sale - Interac RETAIL PURCHASE 000001078715 PLENTY OF LIQUO",124.64,40122,None,""
2019-10-16,"Point of Sale - Interac RETAIL PURCHASE 000001078714 PLENTY OF LIQUO",212.93,40123,None,""
2019-10-16,"Point of Sale - Interac RETAIL PURCHASE 000001155392 PLENTY OF LIQUO",70.82,40124,None,""
2019-10-16,"Point of Sale - Interac RETAIL PURCHASE 000001155391 PLENTY OF LIQUO",603.74,40125,None,""
2019-10-17,"Point of Sale - Visa Debit VISA DEBIT RETAIL PURCHASE ROGERS/FIDO BIL 929033544850",401.03,40114,None,""
2019-10-17,"Automated Banking Machine ATM WITHDRAWAL GAETZ AVE + 22ND ST 1A66",200.00,40115,None,""
2019-10-18,"Point of Sale - Interac RETAIL PURCHASE 000000055169 PETRO-CANADA",10.00,35782,None,""
2019-10-18,"Branch Transaction NON-SUFFICIENT FUNDS CHARGE",45.00,40099,None,""
2019-10-18,"Point of Sale - Interac RETAIL PURCHASE 000001670020 Fas Gas SOUTHSI",49.09,40107,None,""
2019-10-18,"Point of Sale - Interac RETAIL PURCHASE 000001704016 Fas Gas SOUTHSI",41.00,40108,None,""
2019-10-18,"Point of Sale - Interac RETAIL PURCHASE 000001078772 PLENTY OF LIQUO",391.07,40110,None,""
2019-10-18,"Point of Sale - Interac RETAIL PURCHASE 000001962006 Fas Gas SOUTHSI",58.00,40111,None,""
2019-10-18,"Automated Banking Machine ATM WITHDRAWAL GAETZ AVE + 22ND ST 2C92",300.00,40113,None,""
2019-10-21,"Point of Sale - Interac RETAIL PURCHASE 000001056014 RUN'N ON EMPTY",35.00,35778,None,""
2019-10-21,"Point of Sale - Interac RETAIL PURCHASE 000001445008 Fas Gas SOUTHSI",28.45,35779,None,""
2019-10-21,"Automated Banking Machine ATM WITHDRAWAL INTERAC/CCCS SCD 0869",303.50,35780,None,""
2019-10-21,"Point of Sale - Interac RETAIL PURCHASE 929120929388 SOBEYS #5175",32.17,40097,None,""
2019-10-23,"Point of Sale - Interac RETAIL PURCHASE 000001001712 STAPLES#285",10.80,40086,None,""
2019-10-23,"Automated Banking Machine ATM WITHDRAWAL GAETZ AVE + 67TH ST 1E0U",40.00,40087,None,""
2019-10-23,"Point of Sale - Interac RETAIL PURCHASE 000001763012 Fas Gas SOUTHSI",40.00,40089,None,""
2019-10-24,"Point of Sale - Interac RETAIL PURCHASE 000001313002 SHOPPERS DRUG M",206.80,40082,None,""
2019-10-24,"Point of Sale - Interac RETAIL PURCHASE 929709900615 TIM HORTONS #10",14.07,40084,None,""
2019-10-25,"Automated Banking Machine ATM WITHDRAWAL GAETZ AVE + 67TH ST 2D54",2000.00,40071,None,""
2019-10-25,"Automated Banking Machine ATM WITHDRAWAL GAETZ AVE + 67TH ST 1E0U",1000.00,40074,None,""
2019-10-28,"Automated Banking Machine ATM WITHDRAWAL GAETZ AVE + 22ND ST 1F2X",620.00,35771,None,""
2019-10-28,"Point of Sale - Interac RETAIL PURCHASE 000001002066 Fas Gas SOUTHSI",35.00,35772,None,""
2019-10-28,"Point of Sale - Interac RETAIL PURCHASE 000001884060 SAFEWAY #8877",27.80,35773,None,""
2019-10-28,"Point of Sale - Interac RETAIL PURCHASE 000001078118 PLENTY OF LIQUO",58.85,40062,None,""
2019-10-28,"Point of Sale - Interac RETAIL PURCHASE 014001001015 CITY WIDE TOWIN",204.75,40063,None,""
2019-10-29,"Branch Transaction WITHDRAWAL IBB GAETZ AVE & 67TH ST BANKING CE",3500.00,40053,None,""
2019-10-29,"Automated Banking Machine ATM WITHDRAWAL GAETZ AVE + 67TH ST 2D54",3000.00,40056,None,""
2019-10-29,"Point of Sale - Interac RETAIL PURCHASE 000001001955 AIR-SERV PARKL",1.50,40057,None,""
2019-10-29,"Point of Sale - Visa Debit VISA DEBIT RETAIL PURCHASE FACEBK *XDXZ5N6 930263294392",8.87,40059,None,""
2019-10-31,"Automated Banking Machine ATM WITHDRAWAL GAETZ AVE + 67TH ST 2D54",120.00,35769,None,""
2019-10-31,"Branch Transaction OVERDRAFT INTEREST CHARGE",9.53,40038,None,""
2019-10-31,"Point of Sale - Interac RETAIL PURCHASE 000001001941 AIR-SERV SHELL",1.50,40046,None,""
2019-10-31,"Automated Banking Machine ATM WITHDRAWAL GAETZ AVE + 22ND ST 1F2X",980.00,40048,None,""
2019-11-01,"Point of Sale - Visa Debit VISA DEBIT RETAIL PURCHASE ROGERS *48 930533762763",334.98,40031,None,""
2019-11-01,"Point of Sale - Visa Debit INTL VISA DEB RETAIL PURCHASE IN *LMS 930566160629 155.00 USD @ 1.350903",209.39,40032,None,""
2019-11-01,"Point of Sale - Visa Debit INTL VISA DEB RETAIL PURCHASE IN *LMS 930566744830 75.00 USD @ 1.350933",101.32,40034,None,""
2019-11-01,"Automated Banking Machine ATM WITHDRAWAL CLEARVIEW BKNG CTR 1A0N",800.00,40035,None,""
2019-11-04,"Point of Sale - Interac RETAIL PURCHASE 000001982101 Fas Gas SOUTHSI",179.00,35763,None,""
2019-11-04,"Point of Sale - Interac RETAIL PURCHASE 000001690002 Fas Gas SOUTHSI",99.00,35764,None,""
2019-11-04,"Point of Sale - Interac RETAIL PURCHASE 000001001818 AIR-SERV 7-ELE",1.50,40015,None,""
2019-11-04,"Automated Banking Machine ATM WITHDRAWAL INTERAC/TD SCD 0004",1003.00,40021,None,""
2019-11-04,"Point of Sale - Interac RETAIL PURCHASE 000001001569 AIR-SERV PARKL",1.50,40022,None,""
2019-11-05,"Automated Banking Machine ATM WITHDRAWAL GAETZ AVE + 67TH ST 1E0U",400.00,40008,None,""
2019-11-06,"Point of Sale - Interac RETAIL PURCHASE 000001456017 CITY CENTER VAC",400.00,39998,None,""
2019-11-06,"Point of Sale - Interac RETAIL PURCHASE 000647061106 KIPP SCOTT GMC",436.62,40002,None,""
2019-11-06,"Point of Sale - Interac RETAIL PURCHASE 000001001607 THE TIRE GARAGE",1726.00,40003,None,""
2019-11-07,"Point of Sale - Interac RETAIL PURCHASE 000001414011 ESSO 7-ELEVEN 3",116.00,39992,None,""
2019-11-07,"Point of Sale - Interac RETAIL PURCHASE 000001456026 CITY CENTER VAC",78.49,39995,None,""
2019-11-07,"Automated Banking Machine ATM WITHDRAWAL INTERAC/RBC SCD 0003",403.00,39997,None,""
2019-11-08,"Branch Transaction NON-SUFFICIENT FUNDS CHARGE",135.00,39975,None,""
2019-11-08,"Automated Banking Machine ATM WITHDRAWAL INTERAC/RBC SCD 0003",203.00,39987,None,""
2019-11-12,"Automated Banking Machine ATM WITHDRAWAL GAETZ AVE + 22ND ST 1F2X",80.00,35753,None,""
2019-11-12,"Point of Sale - Interac RETAIL PURCHASE 000001382014 Fas Gas SOUTHSI",15.71,35754,None,""
2019-11-12,"Point of Sale - Interac RETAIL PURCHASE 931418775884 SOBEYS #9526",59.07,35755,None,""
2019-11-12,"Automated Banking Machine ATM WITHDRAWAL INTERAC/RBC SCD 0003",303.00,35758,None,""
2019-11-13,"Point of Sale - Interac RETAIL PURCHASE 207001001100 REAL CDN SUPERS",22.43,35749,None,""
2019-11-13,"Point of Sale - Interac RETAIL PURCHASE 000001620132 22654 MACS CONV",18.01,35750,None,""
2019-11-13,"Automated Banking Machine ATM WITHDRAWAL GAETZ AVE + 22ND ST 1F2X",2560.00,39964,None,""
2019-11-13,"Point of Sale - Interac RETAIL PURCHASE 000001564014 MR.SUDS INC.",6.30,39965,None,""
2019-11-14,"Automated Banking Machine ATM WITHDRAWAL GAETZ AVE + 22ND ST 2C92",40.00,35748,None,""
2019-11-14,"Automated Banking Machine ATM WITHDRAWAL GAETZ AVE + 67TH ST 2D54",2850.00,39962,None,""
2019-11-15,"Point of Sale - Interac RETAIL PURCHASE 000001449192 22720 MAC'S CON",11.01,35746,None,""
2019-11-15,"Automated Banking Machine ATM WITHDRAWAL GAETZ AVE + 67TH ST 2D54",2050.00,39958,None,""
2019-11-18,"Point of Sale - Interac RETAIL PURCHASE 000001243035 Fas Gas SOUTHSI",44.00,35745,None,""
2019-11-18,"Point of Sale - Interac RETAIL PURCHASE 000001428020 ESSO 7-ELEVEN 3",143.00,39945,None,""
2019-11-18,"Point of Sale - Interac RETAIL PURCHASE 000048301065 RED DEER TOYOTA",348.27,39946,None,""
2019-11-18,"Automated Banking Machine ATM WITHDRAWAL INTERAC/RBC SCD 0003",123.00,39948,None,""
2019-11-21,"Automated Banking Machine ATM WITHDRAWAL GAETZ AVE + 67TH ST 2D54",3000.00,39937,None,""
2019-11-22,"Point of Sale - Interac RETAIL PURCHASE 000001416112 SAFEWAY #8877",270.90,35743,None,""
2019-11-22,"Point of Sale - Interac RETAIL PURCHASE 000001345052 RUN'N ON EMPTY",76.43,39926,None,""
2019-11-22,"Point of Sale - Interac RETAIL PURCHASE 000001155755 PLENTY OF LIQUO",186.43,39931,None,""
2019-11-22,"Point of Sale - Interac RETAIL PURCHASE 000001078890 PLENTY OF LIQUO",365.01,39933,None,""
2019-11-22,"Point of Sale - Visa Debit INTL VISA DEB RETAIL PURCHASE WWW.1AND1.COM 932618351559 19.98 USD @ 1.366366",27.30,39934,None,""
2019-11-22,"Point of Sale - Interac RETAIL PURCHASE 000001720002 Fas Gas SOUTHSI",96.00,39936,None,""
2019-11-25,"Point of Sale - Interac RETAIL PURCHASE 000001348012 RUN'N ON EMPTY",105.31,35734,None,""
2019-11-25,"Point of Sale - Interac RETAIL PURCHASE 932810796267 CAMBRIDGE RED D",112.95,35737,None,""
2019-11-25,"Point of Sale - Interac RETAIL PURCHASE 000001001493 COINAMATIC CANA",20.00,35738,None,""
2019-11-25,"Point of Sale - Interac RETAIL PURCHASE 932716591598 SOBEYS #9526",311.40,35739,None,""
2019-11-25,"Point of Sale - Interac RETAIL PURCHASE 000001021008 Fas Gas SOUTHSI",80.00,35740,None,""
2019-11-25,"Point of Sale - Interac RETAIL PURCHASE 000001256030 Fas Gas SOUTHSI",102.01,35741,None,""
2019-11-28,"Point of Sale - Visa Debit INTL VISA DEB RETAIL PURCHASE VCITA INC 933123901216 228.00 USD @ 1.362412",310.63,39911,None,""
2019-11-29,"Branch Transaction OVERDRAFT INTEREST CHARGE",8.11,39896,None,""
2019-12-02,"Point of Sale - Interac RETAIL PURCHASE 933614655187 POPEYES #13330",65.88,35722,None,""
2019-12-02,"Point of Sale - Interac RETAIL PURCHASE 000001038009 Fas Gas SOUTHSI",79.00,35724,None,""
2019-12-02,"Automated Banking Machine ATM WITHDRAWAL GAETZ AVE + 22ND ST 2C92",80.00,35725,None,""
2019-12-02,"Point of Sale - Interac RETAIL PURCHASE 000001823004 Fas Gas SOUTHSI",64.00,35726,None,""
2019-12-02,"Automated Banking Machine ATM WITHDRAWAL GAETZ AVE + 22ND ST 1A66",60.00,35728,None,""
2019-12-02,"Point of Sale - Visa Debit INTL VISA DEB RETAIL PURCHASE WWW.1AND1.COM 933617352060 19.98 USD @ 1.364865",27.27,39887,None,""
2019-12-02,"Point of Sale - Interac RETAIL PURCHASE 000001001287 DR. DEAN M. WIL",135.00,39889,None,""
2019-12-02,"Automated Banking Machine ATM WITHDRAWAL INTERAC/RBC SCD 0003",202.75,39893,None,""
2019-12-03,"CHEQUE 34461684 1",3742.40,34892,None,""
2019-12-03,"Point of Sale - Interac RETAIL PURCHASE 000001220086 Fas Gas PENHOLD",16.49,39880,None,""
2019-12-03,"Automated Banking Machine ATM WITHDRAWAL GAETZ AVE + 67TH ST 2D54",2100.00,39881,None,""
2019-12-03,"Point of Sale - Visa Debit INTL VISA DEB RETAIL PURCHASE IN *LMS 933764752607 155.00 USD @ 1.364452",211.49,39883,None,""
2019-12-03,"Point of Sale - Visa Debit INTL VISA DEB RETAIL PURCHASE IN *LMS 933765434990 75.00 USD @ 1.364533",102.34,39884,None,""
2019-12-04,"Automated Banking Machine ATM WITHDRAWAL GAETZ AVE + 67TH ST 1E0U",700.00,39873,None,""
2019-12-05,"Branch Transaction WITHDRAWAL 03239 GAETZ AVE & 67TH ST BANKING CE",700.00,34885,None,""
2019-12-05,"Automated Banking Machine ATM WITHDRAWAL ST ALBERT BANKING CTR 1D03",200.00,39869,None,""
2019-12-06,"Point of Sale - Interac RETAIL PURCHASE 000001742008 Fas Gas SOUTHSI",52.00,39864,None,""
2019-12-09,"Automated Banking Machine ATM WITHDRAWAL GAETZ AVE + 67TH ST 2D54",1000.00,39845,None,""
2019-12-09,"Point of Sale - Interac RETAIL PURCHASE 934314793273 THE PHONE EXPER",218.40,39846,None,""
2019-12-11,"Automated Banking Machine ATM WITHDRAWAL GAETZ AVE + 22ND ST 2C92",100.00,39839,None,""
2019-12-11,"Point of Sale - Interac RETAIL PURCHASE 000001928246 SAFEWAY #8877",32.04,39841,None,""
2019-12-11,"Automated Banking Machine ATM WITHDRAWAL CLEARVIEW BKNG CTR 1A0N",100.00,39842,None,""
2019-12-12,"Automated Banking Machine ATM WITHDRAWAL INTERAC/RBC SCD 0003",342.75,39830,None,""
2019-12-12,"Point of Sale - Interac RETAIL PURCHASE 000001365040 RUN'N ON EMPTY",45.00,39831,None,""
2019-12-12,"Point of Sale - Interac RETAIL PURCHASE 000001559164 CEN AB CO-OP TA",40.00,39833,None,""
2019-12-12,"Point of Sale - Interac RETAIL PURCHASE 000078013514 BUSTERS PIZZA",40.68,39834,None,""
2019-12-13,"Automated Banking Machine ATM WITHDRAWAL INTERAC/CGI SCD 1004",63.15,39822,None,""
2019-12-13,"Point of Sale - Interac RETAIL PURCHASE 934715691811 SUBWAY # 05532",28.87,39823,None,""
2019-12-13,"Point of Sale - Interac RETAIL PURCHASE 000001478071 22720 MAC'S CON",16.12,39825,None,""
2019-12-13,"Point of Sale - Interac RETAIL PURCHASE 934610470305 TIM HORTONS #27",15.18,39826,None,""
2019-12-13,"Automated Banking Machine ATM WITHDRAWAL GAETZ AVE + 22ND ST 1F2X",40.00,39828,None,""
2019-12-16,"Automated Banking Machine ATM WITHDRAWAL GAETZ AVE + 67TH ST 2D54",40.00,35709,None,""
2019-12-16,"Point of Sale - Interac RETAIL PURCHASE 000001363049 SHOPPERS DRUG M",114.27,35711,None,""
2019-12-16,"Point of Sale - Interac RETAIL PURCHASE 934913620198 SOBEYS #5175",78.80,35712,None,""
2019-12-16,"Point of Sale - Interac RETAIL PURCHASE 000001035097 Fas Gas SOUTHSI",5.76,35715,None,""
2019-12-16,"Point of Sale - Interac RETAIL PURCHASE 000001092040 Fas Gas SOUTHSI",34.00,35716,None,""
2019-12-16,"Automated Banking Machine ATM WITHDRAWAL INTERAC/RBC SCD 0003",63.00,35717,None,""
2019-12-16,"Automated Banking Machine ATM WITHDRAWAL INTERAC/RBC SCD 0003",42.75,35719,None,""
2019-12-16,"Automated Banking Machine ATM WITHDRAWAL GAETZ AVE + 67TH ST 2D54",600.00,39805,None,""
2019-12-16,"Branch Transaction WITHDRAWAL IBB GAETZ AVE & 67TH ST BANKING CE",3000.00,39806,None,""
2019-12-16,"Automated Banking Machine ATM WITHDRAWAL GAETZ AVE + 67TH ST 2D54",3000.00,39807,None,""
2019-12-17,"Point of Sale - Interac RETAIL PURCHASE 000001224009 LIQUOR 7 RED DE",13.60,39803,None,""
2019-12-17,"Point of Sale - Interac RETAIL PURCHASE 935019194830 TIM HORTONS #25",4.32,39804,None,""
2019-12-19,"Point of Sale - Interac RETAIL PURCHASE 935214502889 TIM HORTONS #27",8.27,39792,None,""
2019-12-19,"Point of Sale - Interac RETAIL PURCHASE 000001001930 STAPLES#285",20.98,39793,None,""
2019-12-19,"Point of Sale - Visa Debit VISA DEBIT RETAIL PURCHASE ROGERS *48 935331792994",452.56,39795,None,""
2019-12-19,"Point of Sale - Interac RETAIL PURCHASE 935209325663 TIM HORTONS #27",13.41,39796,None,""
2019-12-20,"Point of Sale - Interac RETAIL PURCHASE 000001853038 Fas Gas SOUTHSI",130.02,39788,None,""
2019-12-23,"Point of Sale - Interac RETAIL PURCHASE 000001001370 CANADIAN TIRE #",73.49,35693,None,""
2019-12-23,"Point of Sale - Interac RETAIL PURCHASE 000001664165 22564 MACS CONV",16.51,35695,None,""
2019-12-23,"Point of Sale - Interac RETAIL PURCHASE 000001888014 Fas Gas WESTPAR",89.00,35698,None,""
2019-12-23,"Point of Sale - Interac RETAIL PURCHASE 246001001055 REAL CDN SUPERS",462.67,35699,None,""
2019-12-23,"Point of Sale - Interac RETAIL PURCHASE 000001764002 Fas Gas SOUTHSI",113.00,35700,None,""
2019-12-23,"Point of Sale - Interac RETAIL PURCHASE 752001001011 RED DEER REGIST",24.45,39768,None,""
2019-12-23,"Point of Sale - Interac RETAIL PURCHASE 000001001470 TOKYO EXPRESS",23.79,39780,None,""
2019-12-24,"Point of Sale - Interac RETAIL PURCHASE 000001001459 AIR-SERV PETRO",1.50,39763,None,""
2019-12-27,"Branch Transaction NON-SUFFICIENT FUNDS CHARGE",45.00,39753,None,""
2019-12-30,"Automated Banking Machine ATM WITHDRAWAL INTERAC/RBC SCD 0003",63.00,35682,None,""
2019-12-30,"Point of Sale - Interac RETAIL PURCHASE 000001452052 SAFEWAY #8877",194.50,35684,None,""
2019-12-30,"Automated Banking Machine ATM WITHDRAWAL GAETZ AVE + 22ND ST 1F2X",200.00,35685,None,""
2019-12-30,"Point of Sale - Interac RETAIL PURCHASE 755001001017 RED DEER REGIST",597.00,39744,None,""
2019-12-30,"Point of Sale - Interac RETAIL PURCHASE 000001001411 THE CITY OF RED",40.00,39745,None,""
2019-12-30,"Point of Sale - Interac RETAIL PURCHASE 000001001408 THE CITY OF RED",600.00,39747,None,""
2019-12-31,"Point of Sale - Interac RETAIL PURCHASE 000001825048 Fas Gas SOUTHSI",128.25,39731,None,""
2019-12-31,"Point of Sale - Interac RETAIL PURCHASE 000001321021 Fas Gas SOUTHSI",131.00,39732,None,""
2019-12-31,"Point of Sale - Interac RETAIL PURCHASE 000001536028 Fas Gas SOUTHSI",27.04,39733,None,""
2019-12-31,"Point of Sale - Interac RETAIL PURCHASE 000001015004 Fas Gas ROSS ST",30.00,39734,None,""
2019-12-31,"Point of Sale - Interac RETAIL PURCHASE 000001155328 PLENTY OF LIQUO",38.30,39735,None,""
2019-12-31,"Point of Sale - Interac RETAIL PURCHASE 000001155326 PLENTY OF LIQUO",44.00,39737,None,""
2019-12-31,"Point of Sale - Interac RETAIL PURCHASE 000001078493 PLENTY OF LIQUO",184.07,39739,None,""
