BankingID,Date,Amount,Description,Vendor,Category
82877,2025-12-31,3000.00,Internet Banking E-TRANSFER105763407934 DAVID WILLIAM RICHARD 4506*********534,,
82876,2025-12-31,363.20,"Electronic Funds Transfer MISC PAYMENT Square, Inc. Square, Inc.",,
82801,2025-12-31,805.67,Internet Banking E-TRANSFER 105763454770 EMILY HAMEL,,
82883,2025-12-30,3403.79,"Electronic Funds Transfer MISC PAYMENT Square, Inc. Square, Inc.",,
82803,2025-12-30,52.50,Internet Banking E-TRANSFER 105762848687 ASHLEY LESYK,,
82887,2025-12-29,545.36,"Electronic Funds Transfer MISC PAYMENT Square, Inc. Square, Inc.",,
82886,2025-12-29,931.48,"Electronic Funds Transfer MISC PAYMENT Square, Inc. Square, Inc.",,
82809,2025-12-29,200.00,Internet Banking E-TRANSFER 105759177668 PAUL RICHARD,,
83089,2025-12-29,484.51,Branch Transaction EFT DEBIT REVERSAL HEFFNER AUTO,,
83090,2025-12-29,474.16,Branch Transaction EFT DEBIT REVERSAL HEFFNER AUTO,,
83091,2025-12-29,460.41,Branch Transaction EFT DEBIT REVERSAL HEFFNER AUTO,,
83092,2025-12-29,404.26,Branch Transaction EFT DEBIT REVERSAL COMBINED INS.,,
83093,2025-12-29,117.05,Branch Transaction EFT DEBIT REVERSAL HEFFNER AUTO,,
83102,2025-12-29,400.00,Internet Banking E-TRANSFER 105761427361 DARLIEKRUEGER,,
82814,2025-12-22,300.00,Internet Banking E-TRANSFER 105752695715 PAUL RICHARD,,
82896,2025-12-22,644.82,"Electronic Funds Transfer MISC PAYMENT Square, Inc. Square, Inc.",,
82897,2025-12-22,1284.88,"Electronic Funds Transfer MISC PAYMENT Square, Inc. Square, Inc.",,
82898,2025-12-22,440.89,"Electronic Funds Transfer MISC PAYMENT Square, Inc. Square, Inc.",,
82900,2025-12-22,1000.00,Internet Banking E-TRANSFER105752406966 DAVIDRICHARD 4506*********534,,
83109,2025-12-22,1450.00,Automated Banking Machine ATM DEPOSIT GAETZ AVE and 22ND ST 1F2X,,
82824,2025-12-19,50.00,Electronic Funds Transfer PAY Aaron Machine S Aaron Machine Shop Ltd.,,
82911,2025-12-19,931.98,"Electronic Funds Transfer MISC PAYMENT Square, Inc. Square, Inc.",,
82918,2025-12-18,2538.03,"Electronic Funds Transfer MISC PAYMENT Square, Inc. Square, Inc.",,
82923,2025-12-17,2046.62,"Electronic Funds Transfer MISC PAYMENT Square, Inc. Square, Inc.",,
83121,2025-12-17,421.38,Internet Banking E-TRANSFER 105745709932 SHERRI RYCKMAN,,
82927,2025-12-16,1566.98,"Electronic Funds Transfer MISC PAYMENT Square, Inc. Square, Inc.",,
82830,2025-12-15,375.00,Internet Banking E-TRANSFER 105741131719 Justin COTE,,
82834,2025-12-15,631.26,Internet Banking E-TRANSFER 105740474926 Timber Ridge Framing,,
83128,2025-12-15,1000.00,Internet Banking INTERNET TRANSFER 000000135886,,
83129,2025-12-15,296.61,Internet Banking E-TRANSFER 105742335488 SUZANNE CARON CARLEY,,
82933,2025-12-15,1383.51,"Electronic Funds Transfer MISC PAYMENT Square, Inc. Square, Inc.",,
82934,2025-12-15,1788.70,"Electronic Funds Transfer MISC PAYMENT Square, Inc. Square, Inc.",,
82939,2025-12-12,385.45,"Electronic Funds Transfer MISC PAYMENT Square, Inc. Square, Inc.",,
82942,2025-12-11,271.70,Internet Banking E-TRANSFER105737641137 KEVIN BRADLEYSCHREDER 4506*********534,,
82945,2025-12-11,3506.00,"Electronic Funds Transfer MISC PAYMENT Square, Inc. Square, Inc.",,
83141,2025-12-11,80.00,Internet Banking E-TRANSFER 105737792877 PAUL RICHARD,,
82949,2025-12-10,308.33,"Electronic Funds Transfer MISC PAYMENT Square, Inc. Square, Inc.",,
83144,2025-12-10,200.00,Internet Banking E-TRANSFER 105735969877 PAUL RICHARD,,
82953,2025-12-09,1663.35,"Electronic Funds Transfer MISC PAYMENT Square, Inc. Square, Inc.",,
82956,2025-12-08,483.09,"Electronic Funds Transfer MISC PAYMENT Square, Inc. Square, Inc.",,
82957,2025-12-08,404.73,"Electronic Funds Transfer MISC PAYMENT Square, Inc. Square, Inc.",,
82958,2025-12-08,956.83,"Electronic Funds Transfer MISC PAYMENT Square, Inc. Square, Inc.",,
83146,2025-12-08,1000.00,Automated Banking Machine ATM DEPOSIT GAETZ AVE and 67TH ST 2D54,,
82962,2025-12-05,1459.70,"Electronic Funds Transfer MISC PAYMENT Square, Inc. Square, Inc.",,
82842,2025-12-05,50.00,Electronic Funds Transfer PAY Aaron Machine S Aaron Machine Shop Ltd.,,
82966,2025-12-04,828.18,"Electronic Funds Transfer MISC PAYMENT Square, Inc. Square, Inc.",,
83153,2025-12-03,7.43,Point of Sale - Interac MDSE RETURN 533711252679 MCDONALD'S #406,,
82972,2025-12-03,5259.74,"Electronic Funds Transfer MISC PAYMENT Square, Inc. Square, Inc.",,
83158,2025-12-03,60.00,Automated Banking Machine ATM TRANSFER GAETZ AVE AND 22ND ST 1A66,,
82975,2025-12-02,3089.17,"Electronic Funds Transfer MISC PAYMENT Square, Inc. Square, Inc.",,
82979,2025-12-01,231.21,"Electronic Funds Transfer MISC PAYMENT Square, Inc. Square, Inc.",,
82980,2025-12-01,385.45,"Electronic Funds Transfer MISC PAYMENT Square, Inc. Square, Inc.",,
83164,2025-12-01,30.00,Internet Banking E-TRANSFER 105720098798 Barb Peacock,,
83176,2025-11-28,980.00,Internet Banking E-TRANSFER 105718528482 ASPEN LAKES DISCOVER Y CE,,
83184,2025-11-27,100.00,Internet Banking E-TRANSFER 105716747298 Barb Peacock,,
82995,2025-11-27,3375.58,"Electronic Funds Transfer MISC PAYMENT Square, Inc. Square, Inc.",,
82996,2025-11-26,1012.91,"Electronic Funds Transfer MISC PAYMENT Square, Inc. Square, Inc.",,
82999,2025-11-25,3625.58,"Electronic Funds Transfer MISC PAYMENT Square, Inc. Square, Inc.",,
83002,2025-11-24,1299.98,"Electronic Funds Transfer MISC PAYMENT Square, Inc. Square, Inc.",,
83003,2025-11-24,997.35,"Electronic Funds Transfer MISC PAYMENT Square, Inc. Square, Inc.",,
83189,2025-11-24,100.00,Internet Banking E-TRANSFER 105713173169 KEVIN BRADLEYSCHREDER,,
83190,2025-11-24,1600.00,Automated Banking Machine ATM DEPOSIT GAETZ AVE and 67TH ST 2D54,,
82849,2025-11-24,140.00,Internet Banking E-TRANSFER 105709896362 Barb Peacock,,
83007,2025-11-24,135.00,Internet Banking E-TRANSFER STOP105710310654 4506*********534,,
83195,2025-11-21,350.00,Internet Banking E-TRANSFER 105709396027 PAUL RICHARD,,
82854,2025-11-21,50.00,Electronic Funds Transfer PAY Aaron Machine S Aaron Machine Shop Ltd.,,
83012,2025-11-21,833.05,"Electronic Funds Transfer MISC PAYMENT Square, Inc. Square, Inc.",,
83014,2025-11-20,674.26,"Electronic Funds Transfer MISC PAYMENT Square, Inc. Square, Inc.",,
83018,2025-11-19,780.15,"Electronic Funds Transfer MISC PAYMENT Square, Inc. Square, Inc.",,
83020,2025-11-18,189.62,"Electronic Funds Transfer MISC PAYMENT Square, Inc. Square, Inc.",,
83200,2025-11-17,1500.00,Internet Banking INTERNET TRANSFER 000000218199,,
82859,2025-11-17,3000.00,Internet Banking E-TRANSFER 105700949559 lindsay beaulieu,,
83023,2025-11-17,1608.35,"Electronic Funds Transfer MISC PAYMENT Square, Inc. Square, Inc.",,
83031,2025-11-14,142.14,"Electronic Funds Transfer MISC PAYMENT Square, Inc. Square, Inc.",,
83033,2025-11-13,2155.48,"Electronic Funds Transfer MISC PAYMENT Square, Inc. Square, Inc.",,
83036,2025-11-12,1600.00,Internet Banking E-TRANSFER105697111964 Crystal Bloss 4506*********534,,
83038,2025-11-12,1038.09,"Electronic Funds Transfer MISC PAYMENT Square, Inc. Square, Inc.",,
83213,2025-11-12,45.00,Internet Banking E-TRANSFER 105695584174 Barb Peacock,,
83042,2025-11-10,1173.56,"Electronic Funds Transfer MISC PAYMENT Square, Inc. Square, Inc.",,
83051,2025-11-10,386.50,Internet Banking E-TRANSFER105691955085 RENEEALLISONCRAWLEY 4506*********534,,
83214,2025-11-10,1400.00,Internet Banking E-TRANSFER 105694643989 PAUL RICHARD,,
83054,2025-11-10,190.00,Internet Banking E-TRANSFER105691779466 JOEL NELSON 4506*********534,,
82860,2025-11-07,50.00,Electronic Funds Transfer PAY Aaron Machine S Aaron Machine Shop Ltd.,,
83059,2025-11-07,1046.99,"Electronic Funds Transfer MISC PAYMENT Square, Inc. Square, Inc.",,
83060,2025-11-07,40.00,Internet Banking E-TRANSFER105690515827 Barb Peacock 4506*********534,,
83063,2025-11-06,252.61,"Electronic Funds Transfer MISC PAYMENT Square, Inc. Square, Inc.",,
82861,2025-11-05,50.00,Internet Banking INTERNET TRANSFER 000000218116,,
83067,2025-11-05,770.90,"Electronic Funds Transfer MISC PAYMENT Square, Inc. Square, Inc.",,
83069,2025-11-04,1809.50,"Electronic Funds Transfer MISC PAYMENT Square, Inc. Square, Inc.",,
82864,2025-11-03,50.00,Internet Banking E-TRANSFER 105683586447 Barb Peacock,,
83072,2025-11-03,1500.00,Internet Banking E-TRANSFER105685734985 DAVIDRICHARD 4506*********534,,
83073,2025-11-03,3000.00,Internet Banking E-TRANSFER105685732919 DAVID WILLIAM RICHARD 4506*********534,,
83078,2025-11-03,527.59,"Electronic Funds Transfer MISC PAYMENT Square, Inc. Square, Inc.",,
83079,2025-11-03,816.90,"Electronic Funds Transfer MISC PAYMENT Square, Inc. Square, Inc.",,
83080,2025-11-03,731.18,"Electronic Funds Transfer MISC PAYMENT Square, Inc. Square, Inc.",,
83227,2025-11-03,970.00,Internet Banking INTERNET TRANSFER 000000135531,,
83075,2025-11-03,423.95,Internet Banking E-TRANSFER RECLAIM011408197452 4506*********534,,
42362,2025-10-10,800.00,Internet Banking E-TRANSFER 105653369934 Barb Peacock,,Income - Email Transfer
42364,2025-10-10,50.00,Electronic Funds Transfer PAY Aaron Machine S Aaron Machine Shop Ltd.,,Income - Other
42356,2025-10-10,1994.11,"Electronic Funds Transfer MISC PAYMENT Square, Inc. Square, Inc.",,Income - Other
42348,2025-10-09,1427.53,"Electronic Funds Transfer MISC PAYMENT Square, Inc. Square, Inc.",,Income - Other
42343,2025-10-08,2000.00,Branch Transaction MEMO - TRANSFER IBB GAETZ AVE & 67TH ST BANKING CE,,Income - Other
42336,2025-10-07,80.00,Internet Banking E-TRANSFER 105649017607 Barb Peacock,,Income - Email Transfer
42331,2025-10-07,2332.73,"Electronic Funds Transfer MISC PAYMENT Square, Inc. Square, Inc.",,Income - Other
42329,2025-10-06,270.00,Internet Banking E-TRANSFER 105646183288 DARLIEKRUEGER,,Income - Email Transfer
42319,2025-10-06,1833.33,"Electronic Funds Transfer MISC PAYMENT Square, Inc. Square, Inc.",,Income - Other
42320,2025-10-06,2663.74,"Electronic Funds Transfer MISC PAYMENT Square, Inc. Square, Inc.",,Income - Other
42325,2025-10-06,800.00,Internet Banking INTERNET TRANSFER 000000220693,,Income - Other
42309,2025-10-03,374.85,"Electronic Funds Transfer MISC PAYMENT Square, Inc. Square, Inc.",,Income - Other
42306,2025-10-02,430.50,Internet Banking E-TRANSFER 105640868714 AshleyAkkermans,,Income - Email Transfer
42303,2025-10-02,248.85,"Electronic Funds Transfer MISC PAYMENT Square, Inc. Square, Inc.",,Income - Other
42290,2025-10-01,830.90,"Electronic Funds Transfer MISC PAYMENT Square, Inc. Square, Inc.",,Income - Other
42291,2025-10-01,313.42,"Electronic Funds Transfer MISC PAYMENT Square, Inc. Square, Inc.",,Income - Other
42292,2025-10-01,50036.66,Electronic Funds Transfer MISC PAYMENT SQ SQ CAP9152 SQ SQ CAP9152,,Income - Other
42296,2025-10-01,200.00,Internet Banking E-TRANSFER 105639022840 PAUL RICHARD,,Income - Email Transfer
42270,2025-09-29,1600.00,Automated Banking Machine ATM DEPOSIT GAETZ AVE and 67TH ST 2D54,,Income - Card Payments
42274,2025-09-29,36.00,Internet Banking E-TRANSFER 105636394258 Barb Peacock,,Income - Email Transfer
42275,2025-09-29,36.00,Internet Banking E-TRANSFER 105636393298 Barb Peacock,,Income - Email Transfer
42260,2025-09-29,115.53,"Electronic Funds Transfer MISC PAYMENT Square, Inc. Square, Inc.",,Income - Other
42261,2025-09-29,1109.68,"Electronic Funds Transfer MISC PAYMENT Square, Inc. Square, Inc.",,Income - Other
42279,2025-09-29,550.00,Internet Banking INTERNET TRANSFER 000000134332,,Income - Other
42243,2025-09-26,1925.94,"Electronic Funds Transfer MISC PAYMENT Square, Inc. Square, Inc.",,Income - Other
42238,2025-09-25,1000.00,Internet Banking E-TRANSFER 105630883920 Barb Peacock,,Income - Email Transfer
42228,2025-09-24,669.87,"Electronic Funds Transfer MISC PAYMENT Square, Inc. Square, Inc.",,Income - Other
42223,2025-09-23,2240.40,"Electronic Funds Transfer MISC PAYMENT Square, Inc. Square, Inc.",,Income - Other
42219,2025-09-22,200.00,Automated Banking Machine ATM DEPOSIT GAETZ AVE and 22ND ST 1A66,,Income - Card Payments
42202,2025-09-19,547.10,"Electronic Funds Transfer MISC PAYMENT Square, Inc. Square, Inc.",,Income - Other
42205,2025-09-19,474.16,Branch Transaction EFT DEBIT REVERSAL HEFFNER AUTO,,Income - Other
42206,2025-09-19,460.41,Branch Transaction EFT DEBIT REVERSAL HEFFNER AUTO,,Income - Other
42204,2025-09-19,484.51,Branch Transaction EFT DEBIT REVERSAL HEFFNER AUTO,,Income - Other
42193,2025-09-18,5008.51,"Electronic Funds Transfer MISC PAYMENT Square, Inc. Square, Inc.",,Income - Other
42198,2025-09-18,1500.00,Branch Transaction MEMO - TRANSFER IBB GAETZ AVE & 67TH ST BANKING CE,,Income - Other
42186,2025-09-17,254.54,"Electronic Funds Transfer MISC PAYMENT Square, Inc. Square, Inc.",,Income - Other
42177,2025-09-16,2866.41,"Electronic Funds Transfer MISC PAYMENT Square, Inc. Square, Inc.",,Income - Other
42153,2025-09-15,8625.99,Branch Transaction EFT DR REVERSAL APF GENERAL,,Income - Other
42170,2025-09-15,131.00,Internet Banking E-TRANSFER 105618998617 BRITTNEYCROWE,,Income - Email Transfer
42171,2025-09-15,50.00,Internet Banking E-TRANSFER 105618923513 Barb Peacock,,Income - Email Transfer
42174,2025-09-15,791.60,Internet Banking E-TRANSFER 105617015078 TYLER MITCHELL REID,,Income - Email Transfer
42166,2025-09-15,1320.00,Internet Banking INTERNET TRANSFER 000000224728,,Income - Other
42157,2025-09-15,623.83,"Electronic Funds Transfer MISC PAYMENT Square, Inc. Square, Inc.",,Income - Other
42158,2025-09-15,462.65,"Electronic Funds Transfer MISC PAYMENT Square, Inc. Square, Inc.",,Income - Other
24077,2025-09-12,231.21,"Electronic Funds Transfer MISC PAYMENT Square, Inc. Square, Inc.",,Income - Other
35042,2025-09-12,50.00,Electronic Funds Transfer PAY Aaron Machine S Aaron Machine Shop Ltd.,,Income - Other
24081,2025-09-11,2494.58,"Electronic Funds Transfer MISC PAYMENT Square, Inc. Square, Inc.",,Income - Other
36162,2025-09-11,100.00,Internet Banking INTERNET TRANSFER 000000109267,,Income - Other
35045,2025-09-11,1000.00,Internet Banking E-TRANSFER 105613659340 DAVIDRICHARD,,Income - Email Transfer
35047,2025-09-11,100.00,Internet Banking INTERNET TRANSFER 000000135241,,Income - Other
24086,2025-09-10,535.96,"Electronic Funds Transfer MISC PAYMENT Square, Inc. Square, Inc.",,Income - Other
24091,2025-09-09,2699.60,"Electronic Funds Transfer MISC PAYMENT Square, Inc. Square, Inc.",,Income - Other
36171,2025-09-09,260.00,Internet Banking E-TRANSFER 105610312042 DARLIEKRUEGER,,Income - Email Transfer
24096,2025-09-08,668.97,"Electronic Funds Transfer MISC PAYMENT Square, Inc. Square, Inc.",,Income - Other
24106,2025-09-05,883.30,"Electronic Funds Transfer MISC PAYMENT Square, Inc. Square, Inc.",,Income - Other
36174,2025-09-05,484.51,Branch Transaction EFT DEBIT REVERSAL HEFFNER AUTO,,Income - Other
36176,2025-09-05,460.41,Branch Transaction EFT DEBIT REVERSAL HEFFNER AUTO,,Income - Other
36175,2025-09-05,474.16,Branch Transaction EFT DEBIT REVERSAL HEFFNER AUTO,,Income - Other
36177,2025-09-05,117.05,Branch Transaction EFT DEBIT REVERSAL HEFFNER AUTO,,Income - Other
24111,2025-09-04,2909.14,"Electronic Funds Transfer MISC PAYMENT Square, Inc. Square, Inc.",,Income - Other
24115,2025-09-03,1372.25,"Electronic Funds Transfer MISC PAYMENT Square, Inc. Square, Inc.",,Income - Other
24122,2025-09-02,1063.84,"Electronic Funds Transfer MISC PAYMENT Square, Inc. Square, Inc.",,Income - Other
24116,2025-09-02,227.78,"Electronic Funds Transfer MISC PAYMENT Square, Inc. Square, Inc.",,Income - Other
36190,2025-08-29,117.05,Branch Transaction EFT DEBIT REVERSAL HEFFNER AUTO,,Income - Other
36189,2025-08-29,460.41,Branch Transaction EFT DEBIT REVERSAL HEFFNER AUTO,,Income - Other
36188,2025-08-29,474.16,Branch Transaction EFT DEBIT REVERSAL HEFFNER AUTO,,Income - Other
36187,2025-08-29,484.51,Branch Transaction EFT DEBIT REVERSAL HEFFNER AUTO,,Income - Other
24137,2025-08-29,385.45,"Electronic Funds Transfer MISC PAYMENT Square, Inc. Square, Inc.",,Income - Other
24134,2025-08-29,1823.00,Internet Banking E-TRANSFER105596027842 STANISLAV KRAVETS 4506*********534,,Income - Email Transfer
35067,2025-08-29,410.00,Internet Banking E-TRANSFER 105595917199 JESSICA V QUINTANILLA,,Income - Email Transfer
35068,2025-08-29,50.00,Electronic Funds Transfer PAY Aaron Machine S Aaron Machine Shop Ltd.,,Income - Other
24139,2025-08-28,364.24,"Electronic Funds Transfer MISC PAYMENT Square, Inc. Square, Inc.",,Income - Other
24144,2025-08-27,1729.70,"Electronic Funds Transfer MISC PAYMENT Square, Inc. Square, Inc.",,Income - Other
81346,2025-08-26,25299.88,Journal Entry - Journal Entry,,Income - Other
24146,2025-08-26,1427.88,"Electronic Funds Transfer MISC PAYMENT Square, Inc. Square, Inc.",,Income - Other
36196,2025-08-25,250.00,Internet Banking E-TRANSFER 105589870193 Matthew Richard,,Income - Email Transfer
36197,2025-08-25,590.00,Branch Transaction DEPOSIT IBB GAETZ AVE & 67TH ST BANKING CE,,Income - Card Payments
36199,2025-08-25,101.00,Internet Banking INTERNET TRANSFER 000000200248,,Income - Other
24158,2025-08-25,1839.84,"Electronic Funds Transfer MISC PAYMENT Square, Inc. Square, Inc.",,Income - Other
24179,2025-08-22,770.90,"Electronic Funds Transfer MISC PAYMENT Square, Inc. Square, Inc.",,Income - Other
24188,2025-08-21,1153.79,"Electronic Funds Transfer MISC PAYMENT Square, Inc. Square, Inc.",,Income - Other
24182,2025-08-21,50.00,Internet Banking E-TRANSFER105585234099 Barb Peacock 4506*********534,,Income - Email Transfer
24198,2025-08-20,808.30,"Electronic Funds Transfer MISC PAYMENT Square, Inc. Square, Inc.",,Income - Other
24201,2025-08-19,254.54,"Electronic Funds Transfer MISC PAYMENT Square, Inc. Square, Inc.",,Income - Other
36208,2025-08-18,730.00,Internet Banking INTERNET TRANSFER 000000235199,,Income - Other
35080,2025-08-18,800.00,Internet Banking E-TRANSFER 105579354666 Kurtis Petersen,,Income - Email Transfer
24212,2025-08-18,462.57,"Electronic Funds Transfer MISC PAYMENT Square, Inc. Square, Inc.",,Income - Other
24219,2025-08-18,940.00,Internet Banking E-TRANSFER105578084704 SEAN MESSERVEY 4506*********534,,Income - Email Transfer
24214,2025-08-18,2975.92,"Electronic Funds Transfer MISC PAYMENT Square, Inc. Square, Inc.",,Income - Other
35084,2025-08-18,813.00,Internet Banking E-TRANSFER 105578818008 PHILIPE BOISSONEAULT,,Income - Email Transfer
36210,2025-08-15,460.41,Branch Transaction EFT DEBIT REVERSAL HEFFNER AUTO,,Income - Other
36209,2025-08-15,474.16,Branch Transaction EFT DEBIT REVERSAL HEFFNER AUTO,,Income - Other
24223,2025-08-15,610.25,"Electronic Funds Transfer MISC PAYMENT Square, Inc. Square, Inc.",,Income - Other
24226,2025-08-14,5787.28,"Electronic Funds Transfer MISC PAYMENT Square, Inc. Square, Inc.",,Income - Other
24235,2025-08-13,684.53,"Electronic Funds Transfer MISC PAYMENT Square, Inc. Square, Inc.",,Income - Other
36217,2025-08-11,1080.00,Automated Banking Machine ATM TRANSFER GAETZ AVE and 67TH ST 2D54,,Income - Other
24252,2025-08-11,609.08,"Electronic Funds Transfer MISC PAYMENT Square, Inc. Square, Inc.",,Income - Other
24251,2025-08-11,400.87,"Electronic Funds Transfer MISC PAYMENT Square, Inc. Square, Inc.",,Income - Other
24273,2025-08-08,323.75,"Electronic Funds Transfer MISC PAYMENT Square, Inc. Square, Inc.",,Income - Other
24285,2025-08-07,25.00,Internet Banking E-TRANSFER105566771676 Barb Peacock 4506*********534,,Income - Email Transfer
24283,2025-08-07,284.42,"Electronic Funds Transfer MISC PAYMENT Square, Inc. Square, Inc.",,Income - Other
24293,2025-08-06,30.00,Internet Banking E-TRANSFER105565442103 Barb Peacock 4506*********534,,Income - Email Transfer
24289,2025-08-06,385.45,"Electronic Funds Transfer MISC PAYMENT Square, Inc. Square, Inc.",,Income - Other
35093,2025-08-05,700.00,Internet Banking E-TRANSFER 105563641851 STANISLAV KRAVETS,,Income - Email Transfer
24294,2025-08-05,593.37,"Electronic Funds Transfer MISC PAYMENT Square, Inc. Square, Inc.",,Income - Other
36222,2025-08-05,544.00,Automated Banking Machine ATM TRANSFER GAETZ AVE and 67TH ST 2D54,,Income - Other
24302,2025-08-04,465.00,Internet Banking E-TRANSFER105562517830 JORDY POTTER 4506*********534,,Income - Email Transfer
24301,2025-08-04,33.00,Internet Banking E-TRANSFER105562762897 Barb Peacock 4506*********534,,Income - Email Transfer
24313,2025-08-01,140.00,Internet Banking E-TRANSFER105559992234 Barb Peacock 4506*********534,,Income - Email Transfer
36225,2025-08-01,460.41,Branch Transaction EFT DEBIT REVERSAL HEFFNER AUTO,,Income - Other
36224,2025-08-01,474.16,Branch Transaction EFT DEBIT REVERSAL HEFFNER AUTO,,Income - Other
36226,2025-08-01,117.05,Branch Transaction EFT DEBIT REVERSAL HEFFNER AUTO,,Income - Other
24317,2025-08-01,385.45,"Electronic Funds Transfer MISC PAYMENT Square, Inc. Square, Inc.",,Income - Other
24342,2025-07-31,1867.47,"Electronic Funds Transfer MISC PAYMENT Square, Inc. Square, Inc.",,Income - Other
24340,2025-07-31,95.00,Internet Banking E-TRANSFER105557420564 Barb Peacock 4506*********534,,Income - Email Transfer
24348,2025-07-30,2687.17,"Electronic Funds Transfer MISC PAYMENT Square, Inc. Square, Inc.",,Income - Other
24352,2025-07-29,1076.65,"Electronic Funds Transfer MISC PAYMENT Square, Inc. Square, Inc.",,Income - Other
24350,2025-07-29,1663.70,Internet Banking E-TRANSFER105554919730 Shannon 4506*********534,,Income - Email Transfer
24354,2025-07-28,850.00,Automated Banking Machine ABM DEPOSIT 2D54 GAETZ AVE and 67TH ST 99512 4506*********534,,Income - Card Payments
24360,2025-07-28,11.50,Internet Banking E-TRANSFER105551244580 Dallas thompson 4506*********534,,Income - Email Transfer
24358,2025-07-28,467.30,Internet Banking E-TRANSFER105551777192 BYRON MOTT 4506*********534,,Income - Email Transfer
24356,2025-07-28,616.66,"Electronic Funds Transfer MISC PAYMENT Square, Inc. Square, Inc.",,Income - Other
35098,2025-07-28,850.00,Internet Banking E-TRANSFER STOP 105553653655,,Income - Email Transfer
35100,2025-07-28,850.00,Automated Banking Machine ATM DEPOSIT GAETZ AVE and 22ND ST 1A66,,Income - Card Payments
36240,2025-07-28,1220.00,Automated Banking Machine ATM DEPOSIT GAETZ AVE and 67TH ST 2D54,,Income - Card Payments
24378,2025-07-25,948.51,"Electronic Funds Transfer MISC PAYMENT Square, Inc. Square, Inc.",,Income - Other
36242,2025-07-25,460.41,Branch Transaction EFT DEBIT REVERSAL HEFFNER AUTO,,Income - Other
36248,2025-07-24,620.00,Automated Banking Machine ATM DEPOSIT GAETZ AVE and 67TH ST 2D54,,Income - Card Payments
24390,2025-07-23,100.00,Internet Banking E-TRANSFER105547387169 Barb Peacock 4506*********534,,Income - Email Transfer
24400,2025-07-23,628.00,Internet Banking E-TRANSFER105546689542 KARA WILLIAMS 4506*********534,,Income - Email Transfer
24395,2025-07-23,2172.43,"Electronic Funds Transfer MISC PAYMENT Square, Inc. Square, Inc.",,Income - Other
24405,2025-07-22,1053.01,"Electronic Funds Transfer MISC PAYMENT Square, Inc. Square, Inc.",,Income - Other
36249,2025-07-21,800.00,Internet Banking INTERNET TRANSFER 000000227904,,Income - Other
36250,2025-07-21,264.60,Point of Sale - Visa Debit VISA DEBIT PURCHASE REVERSAL EDMONTONKOA 220207001303,,Income - Other
24411,2025-07-21,231.21,"Electronic Funds Transfer MISC PAYMENT Square, Inc. Square, Inc.",,Income - Other
24410,2025-07-21,582.73,"Electronic Funds Transfer MISC PAYMENT Square, Inc. Square, Inc.",,Income - Other
24418,2025-07-21,3000.00,Internet Banking E-TRANSFER105543248684 DAVID WILLIAM RICHARD 4506*********534,,Income - Email Transfer
35104,2025-07-21,40.00,Internet Banking E-TRANSFER 105544349944 Barb Peacock,,Income - Email Transfer
35108,2025-07-21,140.00,Internet Banking E-TRANSFER 105542974880 Barb Peacock,,Income - Email Transfer
35106,2025-07-21,1500.00,Internet Banking E-TRANSFER 105543251037 DAVIDRICHARD,,Income - Email Transfer
24409,2025-07-21,800.00,Automated Banking Machine ABM DEPOSIT 1E0U GAETZ AVE and 67TH ST 99512 4506*********534,,Income - Card Payments
35105,2025-07-21,100.00,Internet Banking E-TRANSFER 105544099938 Barb Peacock,,Income - Email Transfer
24426,2025-07-18,801.06,"Electronic Funds Transfer MISC PAYMENT Square, Inc. Square, Inc.",,Income - Other
36267,2025-07-17,26.00,Internet Banking E-TRANSFER 105540168944 Barb Peacock,,Income - Email Transfer
24430,2025-07-16,1141.35,"Electronic Funds Transfer MISC PAYMENT Square, Inc. Square, Inc.",,Income - Other
24429,2025-07-16,178.49,Point of Sale - Interac MERCHANDISE RETURN519714133858 MARK'S STORE #3 4506*********534,,Income - Email Transfer
24431,2025-07-15,6776.98,Branch Transaction EFT DR REVERSAL APF GENERAL,,Income - Other
24442,2025-07-14,4735.53,"Electronic Funds Transfer MISC PAYMENT Square, Inc. Square, Inc.",,Income - Other
24441,2025-07-14,331.70,"Electronic Funds Transfer MISC PAYMENT Square, Inc. Square, Inc.",,Income - Other
36278,2025-07-14,1000.00,Internet Banking INTERNET TRANSFER 000000119109,,Income - Other
35111,2025-07-14,1060.50,Internet Banking E-TRANSFER 105535467731 AUSTIN MUYRES,,Income - Email Transfer
36277,2025-07-14,520.00,Automated Banking Machine ATM DEPOSIT GAETZ AVE and 67TH ST 2D54,,Income - Card Payments
24465,2025-07-11,2705.96,"Electronic Funds Transfer MISC PAYMENT Square, Inc. Square, Inc.",,Income - Other
24475,2025-07-10,100.00,Internet Banking E-TRANSFER105530359906 CHRISTINE GILBERT 4506*********534,,Income - Email Transfer
24473,2025-07-10,531.21,"Electronic Funds Transfer MISC PAYMENT Square, Inc. Square, Inc.",,Income - Other
24468,2025-07-10,305.27,Internet Banking E-TRANSFER105531346838 BROOKE SUTTER 4506*********534,,Income - Email Transfer
36285,2025-07-09,140.00,Internet Banking INTERNET TRANSFER 000000134805,,Income - Other
35113,2025-07-08,95.62,Automated Banking Machine ATM DEPOSIT GAETZ AVE and 67TH ST 1E0U,,Income - Card Payments
36286,2025-07-07,60.00,Internet Banking INTERNET TRANSFER 000000205453,,Income - Other
36288,2025-07-07,202.00,Internet Banking E-TRANSFER 105526465979 SNK HOSPITALITY LTD,,Income - Email Transfer
36287,2025-07-07,50.00,Internet Banking E-TRANSFER 105526468049 Barb Peacock,,Income - Email Transfer
24487,2025-07-07,785.21,"Electronic Funds Transfer MISC PAYMENT Square, Inc. Square, Inc.",,Income - Other
24501,2025-07-04,607.87,"Electronic Funds Transfer MISC PAYMENT Square, Inc. Square, Inc.",,Income - Other
36296,2025-07-04,400.00,Internet Banking E-TRANSFER 105524058643 Barb Peacock,,Income - Email Transfer
36294,2025-07-04,637.00,Internet Banking E-TRANSFER 105524264924 STANLEY KIPPERRON,,Income - Email Transfer
36302,2025-07-03,900.00,Internet Banking INTERNET TRANSFER 000000117289,,Income - Other
24509,2025-07-03,1078.37,"Electronic Funds Transfer MISC PAYMENT Square, Inc. Square, Inc.",,Income - Other
24514,2025-07-02,3173.25,"Electronic Funds Transfer MISC PAYMENT Square, Inc. Square, Inc.",,Income - Other
35131,2025-07-02,447.23,Internet Banking E-TRANSFER 105517956733 EMILY BISHELL,,Income - Email Transfer
35136,2025-06-30,1800.00,Automated Banking Machine ATM DEPOSIT GAETZ AVE and 67TH ST 1E0U,,Income - Card Payments
24526,2025-06-30,979.13,"Electronic Funds Transfer MISC PAYMENT Square, Inc. Square, Inc.",,Income - Other
24535,2025-06-30,3000.00,Internet Banking E-TRANSFER105513938248 DAVIDRICHARD 4506*********534,,Income - Email Transfer
35140,2025-06-30,514.75,Internet Banking E-TRANSFER 105515041770 RHONDA HESTERMAN,,Income - Email Transfer
36306,2025-06-27,484.51,Branch Transaction EFT DEBIT REVERSAL HEFFNER AUTO,,Income - Other
36309,2025-06-27,117.05,Branch Transaction EFT DEBIT REVERSAL HEFFNER AUTO,,Income - Other
36307,2025-06-27,474.16,Branch Transaction EFT DEBIT REVERSAL HEFFNER AUTO,,Income - Other
36308,2025-06-27,460.41,Branch Transaction EFT DEBIT REVERSAL HEFFNER AUTO,,Income - Other
36317,2025-06-26,200.00,Internet Banking E-TRANSFER 105511982425 Barb Peacock,,Income - Email Transfer
24561,2025-06-25,883.30,"Electronic Funds Transfer MISC PAYMENT Square, Inc. Square, Inc.",,Income - Other
24565,2025-06-25,26.31,Point of Sale - Interac MERCHANDISE RETURN517523247776 CANADIAN TIRE # 4506*********534,,Income - Email Transfer
24574,2025-06-24,2353.86,"Electronic Funds Transfer MISC PAYMENT Square, Inc. Square, Inc.",,Income - Other
36321,2025-06-23,1000.00,Internet Banking E-TRANSFER 105507257909 Barb Peacock,,Income - Email Transfer
24611,2025-06-23,150.00,Internet Banking E-TRANSFER105505228231 Barb Peacock 4506*********534,,Income - Email Transfer
24600,2025-06-23,750.00,Internet Banking E-TRANSFER105506320874 BRODIE GRYKULIAK 4506*********534,,Income - Email Transfer
24596,2025-06-23,68.00,Internet Banking E-TRANSFER105506596431 BRODIE GRYKULIAK 4506*********534,,Income - Email Transfer
24580,2025-06-23,299.86,"Electronic Funds Transfer MISC PAYMENT Square, Inc. Square, Inc.",,Income - Other
24581,2025-06-23,333.86,"Electronic Funds Transfer MISC PAYMENT Square, Inc. Square, Inc.",,Income - Other
24591,2025-06-23,506.00,Internet Banking E-TRANSFER105506807413 Barb Peacock 4506*********534,,Income - Email Transfer
36320,2025-06-23,120.00,Automated Banking Machine ATM DEPOSIT GAETZ AVE and 67TH ST 2D54,,Income - Card Payments
24620,2025-06-20,1000.00,Internet Banking E-TRANSFER105504653831 DAVIDRICHARD 4506*********534,,Income - Email Transfer
24623,2025-06-20,675.85,"Electronic Funds Transfer MISC PAYMENT Square, Inc. Square, Inc.",,Income - Other
36323,2025-06-20,460.41,Branch Transaction EFT DEBIT REVERSAL HEFFNER AUTO,,Income - Other
24634,2025-06-19,17.00,Internet Banking E-TRANSFER105502400989 Barb Peacock 4506*********534,,Income - Email Transfer
24632,2025-06-19,830.25,"Electronic Funds Transfer MISC PAYMENT Square, Inc. Square, Inc.",,Income - Other
36330,2025-06-18,65.00,Internet Banking INTERNET TRANSFER 000000136838,,Income - Other
24636,2025-06-17,2200.00,Internet Banking E-TRANSFER105500498987 DAVIDRICHARD 4506*********534,,Income - Email Transfer
24637,2025-06-17,4495.45,"Electronic Funds Transfer MISC PAYMENT Square, Inc. Square, Inc.",,Income - Other
36335,2025-06-16,28.00,Internet Banking E-TRANSFER 105499036698 Barb Peacock,,Income - Email Transfer
36334,2025-06-16,1500.00,Automated Banking Machine ATM DEPOSIT GAETZ AVE and 67TH ST 2D54,,Income - Card Payments
24649,2025-06-16,1470.14,"Electronic Funds Transfer MISC PAYMENT Square, Inc. Square, Inc.",,Income - Other
24644,2025-06-16,401.26,Internet Banking E-TRANSFER105499603294 Jocelyn Kormendy 4506*********534,,Income - Email Transfer
24650,2025-06-16,515.50,"Electronic Funds Transfer MISC PAYMENT Square, Inc. Square, Inc.",,Income - Other
24653,2025-06-16,40.00,Internet Banking E-TRANSFER105498325476 Barb Peacock 4506*********534,,Income - Email Transfer
24662,2025-06-13,2897.23,"Electronic Funds Transfer MISC PAYMENT Square, Inc. Square, Inc.",,Income - Other
24668,2025-06-12,231.21,"Electronic Funds Transfer MISC PAYMENT Square, Inc. Square, Inc.",,Income - Other
24675,2025-06-12,50.00,Internet Banking E-TRANSFER105493448753 JOCELYN Mae MADSEN 4506*********534,,Income - Email Transfer
24681,2025-06-11,861.28,"Electronic Funds Transfer MISC PAYMENT Square, Inc. SQUARE CANADA INC",,Income - Other
24692,2025-06-10,40.00,Internet Banking E-TRANSFER105490809992 Barb Peacock 4506*********534,,Income - Email Transfer
24691,2025-06-10,738.65,"Electronic Funds Transfer MISC PAYMENT Square, Inc. SQUARE CANADA INC",,Income - Other
36344,2025-06-09,1900.00,Automated Banking Machine ATM DEPOSIT GAETZ AVE and 22ND ST 2C92,,Income - Card Payments
24712,2025-06-09,400.00,Internet Banking E-TRANSFER105487450051 JACQUELINE LINTON 4506*********534,,Income - Email Transfer
24696,2025-06-09,1450.00,Internet Banking E-TRANSFER105490581690 Brandon Wetmore 4506*********534,,Income - Email Transfer
24700,2025-06-09,1766.24,Internet Banking E-TRANSFER105489908489 CRYSTAL MATYCHUK 4506*********534,,Income - Email Transfer
24703,2025-06-09,25.00,Internet Banking E-TRANSFER105488734935 Barb Peacock 4506*********534,,Income - Email Transfer
24698,2025-06-09,1137.88,"Electronic Funds Transfer MISC PAYMENT Square, Inc. SQUARE CANADA INC",,Income - Other
24715,2025-06-06,827.97,"Electronic Funds Transfer MISC PAYMENT Square, Inc. SQUARE CANADA INC",,Income - Other
24724,2025-06-05,1774.90,"Electronic Funds Transfer MISC PAYMENT Square, Inc. SQUARE CANADA INC",,Income - Other
24728,2025-06-04,2658.05,"Electronic Funds Transfer MISC PAYMENT Square, Inc. SQUARE CANADA INC",,Income - Other
24738,2025-06-03,1883.53,"Electronic Funds Transfer MISC PAYMENT Square, Inc. SQUARE CANADA INC",,Income - Other
36350,2025-06-03,61.10,Internet Banking E-TRANSFER 105482660152 CRYSTAL MATYCHUK,,Income - Email Transfer
35143,2025-06-02,100.00,Internet Banking E-TRANSFER 105478390590 MACKENZIE MCPHERSON-POLOW,,Income - Email Transfer
36351,2025-06-02,200.00,Automated Banking Machine ATM DEPOSIT GAETZ AVE and 22ND ST 1A66,,Income - Card Payments
24743,2025-06-02,385.45,"Electronic Funds Transfer MISC PAYMENT Square, Inc. SQUARE CANADA INC",,Income - Other
24744,2025-06-02,729.06,"Electronic Funds Transfer MISC PAYMENT Square, Inc. SQUARE CANADA INC",,Income - Other
36360,2025-05-30,400.00,Internet Banking E-TRANSFER 105476472614 DARLIEKRUEGER,,Income - Email Transfer
24762,2025-05-30,2518.25,"Electronic Funds Transfer MISC PAYMENT Square, Inc. SQUARE CANADA INC",,Income - Other
24774,2025-05-29,2630.62,"Electronic Funds Transfer MISC PAYMENT Square, Inc. SQUARE CANADA INC",,Income - Other
24778,2025-05-28,80.00,Internet Banking E-TRANSFER105473419048 Barb Peacock 4506*********534,,Income - Email Transfer
24780,2025-05-28,1084.54,"Electronic Funds Transfer MISC PAYMENT Square, Inc. SQUARE CANADA INC",,Income - Other
36362,2025-05-27,700.00,Automated Banking Machine ATM DEPOSIT GAETZ AVE and 67TH ST 2D54,,Income - Card Payments
24790,2025-05-27,2478.13,"Electronic Funds Transfer MISC PAYMENT Square, Inc. SQUARE CANADA INC",,Income - Other
36363,2025-05-26,800.00,Automated Banking Machine ATM DEPOSIT GAETZ AVE and 67TH ST 2D54,,Income - Card Payments
24797,2025-05-26,1935.84,"Electronic Funds Transfer MISC PAYMENT Square, Inc. SQUARE CANADA INC",,Income - Other
24798,2025-05-26,397.56,"Electronic Funds Transfer MISC PAYMENT Square, Inc. SQUARE CANADA INC",,Income - Other
24814,2025-05-23,230.00,Internet Banking E-TRANSFER105467624697 kayla bousquet 4506*********534,,Income - Email Transfer
24813,2025-05-23,409.50,Internet Banking E-TRANSFER105467628830 kayla bousquet 4506*********534,,Income - Email Transfer
24815,2025-05-23,948.43,"Electronic Funds Transfer MISC PAYMENT Square, Inc. SQUARE CANADA INC",,Income - Other
24828,2025-05-22,1098.85,"Electronic Funds Transfer MISC PAYMENT Square, Inc. SQUARE CANADA INC",,Income - Other
24826,2025-05-22,40.00,Internet Banking E-TRANSFER105465490312 Barb Peacock 4506*********534,,Income - Email Transfer
24836,2025-05-21,251.80,"Electronic Funds Transfer MISC PAYMENT Square, Inc. SQUARE CANADA INC",,Income - Other
24841,2025-05-20,1988.76,"Electronic Funds Transfer MISC PAYMENT Square, Inc. SQUARE CANADA INC",,Income - Other
55611,2025-05-20,207.56,Customer Deposit - CIBC (from ledger staging),CUSTOMER,Income
24862,2025-05-16,1299.79,"Electronic Funds Transfer MISC PAYMENT Square, Inc. SQUARE CANADA INC",,Income - Other
36379,2025-05-16,60.00,Internet Banking E-TRANSFER 105457490331 Barb Peacock,,Income - Email Transfer
24865,2025-05-15,982.21,"Electronic Funds Transfer MISC PAYMENT Square, Inc. SQUARE CANADA INC",,Income - Other
24873,2025-05-14,2200.00,Automated Banking Machine ABM DEPOSIT 2D54 GAETZ AVE and 67TH ST 99512 4506*********534,,Income - Card Payments
24874,2025-05-14,1500.00,Automated Banking Machine ABM DEPOSIT 2D54 GAETZ AVE and 67TH ST 99512 4506*********534,,Income - Card Payments
24875,2025-05-14,1200.00,Automated Banking Machine ABM DEPOSIT 2D54 GAETZ AVE and 67TH ST 99512 4506*********534,,Income - Card Payments
24869,2025-05-14,1473.36,"Electronic Funds Transfer MISC PAYMENT Square, Inc. SQUARE CANADA INC",,Income - Other
24871,2025-05-14,1040.00,Automated Banking Machine ABM DEPOSIT 2D54 GAETZ AVE and 67TH ST 99512 4506*********534,,Income - Card Payments
24872,2025-05-14,960.00,Automated Banking Machine ABM DEPOSIT 2D54 GAETZ AVE and 67TH ST 99512 4506*********534,,Income - Card Payments
36381,2025-05-12,120.00,Automated Banking Machine ATM DEPOSIT GAETZ AVE and 67TH ST 2D54,,Income - Card Payments
36382,2025-05-12,140.00,Automated Banking Machine ATM DEPOSIT GAETZ AVE and 67TH ST 2D54,,Income - Card Payments
24879,2025-05-12,894.29,"Electronic Funds Transfer MISC PAYMENT Square, Inc. SQUARE CANADA INC",,Income - Other
36383,2025-05-12,210.00,Internet Banking E-TRANSFER 105451639555 AMBERLANELLETUCK,,Income - Email Transfer
24888,2025-05-09,835.15,"Electronic Funds Transfer MISC PAYMENT Square, Inc. SQUARE CANADA INC",,Income - Other
24893,2025-05-08,3053.07,"Electronic Funds Transfer MISC PAYMENT Square, Inc. SQUARE CANADA INC",,Income - Other
24899,2025-05-07,8.00,Internet Banking E-TRANSFER105445967451 Barb Peacock 4506*********534,,Income - Email Transfer
24896,2025-05-07,1158.13,"Electronic Funds Transfer MISC PAYMENT Square, Inc. SQUARE CANADA INC",,Income - Other
24897,2025-05-07,968.00,Internet Banking E-TRANSFER105446926363 CHRISTOPHER HUBBARD 4506*********534,,Income - Email Transfer
24903,2025-05-06,1359.04,"Electronic Funds Transfer MISC PAYMENT Square, Inc. SQUARE CANADA INC",,Income - Other
24914,2025-05-05,1507.53,"Electronic Funds Transfer MISC PAYMENT Square, Inc. SQUARE CANADA INC",,Income - Other
36398,2025-05-05,1100.00,Branch Transaction MEMO - TRANSFER IBB GAETZ AVE & 67TH ST BANKING CE,,Income - Other
24929,2025-05-02,34.00,Internet Banking E-TRANSFER105439094328 Barb Peacock 4506*********534,,Income - Email Transfer
24927,2025-05-02,3342.98,"Electronic Funds Transfer MISC PAYMENT Square, Inc. SQUARE CANADA INC",,Income - Other
36401,2025-05-02,117.05,Branch Transaction EFT DEBIT REVERSAL HEFFNER AUTO,,Income - Other
36406,2025-05-02,6.00,Internet Banking INTERNET TRANSFER 000000101872,,Income - Other
36399,2025-05-02,474.16,Branch Transaction EFT DEBIT REVERSAL HEFFNER AUTO,,Income - Other
36400,2025-05-02,460.41,Branch Transaction EFT DEBIT REVERSAL HEFFNER AUTO,,Income - Other
24933,2025-05-01,548.52,"Electronic Funds Transfer MISC PAYMENT Square, Inc. SQUARE CANADA INC",,Income - Other
24953,2025-04-30,11.00,Internet Banking E-TRANSFER105435110488 Barb Peacock 4506*********534,,Income - Email Transfer
24950,2025-04-30,1276.78,"Electronic Funds Transfer MISC PAYMENT Square, Inc. SQUARE CANADA INC",,Income - Other
24958,2025-04-29,1812.46,"Electronic Funds Transfer MISC PAYMENT Square, Inc. SQUARE CANADA INC",,Income - Other
24969,2025-04-28,953.87,"Electronic Funds Transfer MISC PAYMENT Square, Inc. SQUARE CANADA INC",,Income - Other
24968,2025-04-28,385.45,"Electronic Funds Transfer MISC PAYMENT Square, Inc. SQUARE CANADA INC",,Income - Other
36411,2025-04-28,20.00,Internet Banking E-TRANSFER 105430310399 KRISTIN SIMPSON,,Income - Email Transfer
24986,2025-04-25,1586.01,"Electronic Funds Transfer MISC PAYMENT Square, Inc. SQUARE CANADA INC",,Income - Other
24996,2025-04-24,1045.99,"Electronic Funds Transfer MISC PAYMENT Square, Inc. SQUARE CANADA INC",,Income - Other
55583,2025-04-24,1652.26,Customer Deposit - CIBC (from ledger staging),CUSTOMER,Income
25004,2025-04-23,20.20,Internet Banking E-TRANSFER105426425088 Barb Peacock 4506*********534,,Income - Email Transfer
25005,2025-04-23,925.29,"Electronic Funds Transfer MISC PAYMENT Square, Inc. SQUARE CANADA INC",,Income - Other
25034,2025-04-21,18.00,Internet Banking E-TRANSFER105421615750 Barb Peacock 4506*********534,,Income - Email Transfer
25033,2025-04-21,40.00,Internet Banking E-TRANSFER105421621449 Barb Peacock 4506*********534,,Income - Email Transfer
25026,2025-04-21,490.00,Internet Banking E-TRANSFER105422443712 YVETTE Y VANDENHEUVEL 4506*********534,,Income - Email Transfer
25016,2025-04-21,1367.66,"Electronic Funds Transfer MISC PAYMENT Square, Inc. SQUARE CANADA INC",,Income - Other
36419,2025-04-21,1100.00,Automated Banking Machine ATM DEPOSIT GAETZ AVE + 22ND ST 1A66,,Income - Card Payments
25015,2025-04-21,211.27,"Electronic Funds Transfer MISC PAYMENT Square, Inc. SQUARE CANADA INC",,Income - Other
25025,2025-04-21,661.00,Internet Banking E-TRANSFER105422785916 BAILEE MAH 4506*********534,,Income - Email Transfer
25047,2025-04-17,596.76,"Electronic Funds Transfer MISC PAYMENT Square, Inc. SQUARE CANADA INC",,Income - Other
25054,2025-04-16,755.24,"Electronic Funds Transfer MISC PAYMENT Square, Inc. SQUARE CANADA INC",,Income - Other
25057,2025-04-15,2207.77,"Electronic Funds Transfer MISC PAYMENT Square, Inc. SQUARE CANADA INC",,Income - Other
25060,2025-04-15,3000.00,Internet Banking E-TRANSFER105415863969 DAVIDRICHARD 4506*********534,,Income - Email Transfer
25059,2025-04-15,2000.00,Internet Banking E-TRANSFER105416610331 DAVIDRICHARD 4506*********534,,Income - Email Transfer
35150,2025-04-14,120.00,Internet Banking E-TRANSFER RECLAIM011285109379,,Income - Email Transfer
25062,2025-04-14,246.48,"Electronic Funds Transfer MISC PAYMENT Square, Inc. SQUARE CANADA INC",,Income - Other
25063,2025-04-14,684.37,"Electronic Funds Transfer MISC PAYMENT Square, Inc. SQUARE CANADA INC",,Income - Other
25061,2025-04-14,419.55,Internet Banking E-TRANSFER105415669686 Teena Clark 4506*********534,,Income - Email Transfer
36430,2025-04-11,1600.00,Automated Banking Machine ATM DEPOSIT GAETZ AVE + 67TH ST 2D54,,Income - Card Payments
25078,2025-04-11,1545.99,"Electronic Funds Transfer MISC PAYMENT Square, Inc. SQUARE CANADA INC",,Income - Other
25084,2025-04-10,3472.08,"Electronic Funds Transfer MISC PAYMENT Square, Inc. SQUARE CANADA INC",,Income - Other
25096,2025-04-09,1395.23,"Electronic Funds Transfer MISC PAYMENT Square, Inc. SQUARE CANADA INC",,Income - Other
25124,2025-04-07,75.00,Internet Banking E-TRANSFER105404288572 LINDA SIMMELINK 4506*********534,,Income - Email Transfer
25114,2025-04-07,2937.33,"Electronic Funds Transfer MISC PAYMENT Square, Inc. SQUARE CANADA INC",,Income - Other
36432,2025-04-04,460.41,Branch Transaction EFT DEBIT REVERSAL HEFFNER AUTO,,Income - Other
36433,2025-04-04,117.05,Branch Transaction EFT DEBIT REVERSAL HEFFNER AUTO,,Income - Other
36431,2025-04-04,474.16,Branch Transaction EFT DEBIT REVERSAL HEFFNER AUTO,,Income - Other
25129,2025-04-04,1033.82,"Electronic Funds Transfer MISC PAYMENT Square, Inc. SQUARE CANADA INC",,Income - Other
25133,2025-04-03,1033.11,"Electronic Funds Transfer MISC PAYMENT Square, Inc. SQUARE CANADA INC",,Income - Other
25144,2025-04-02,100.00,Internet Banking E-TRANSFER105398781217 BAILEE MAH 4506*********534,,Income - Email Transfer
25142,2025-04-02,1524.26,"Electronic Funds Transfer MISC PAYMENT Square, Inc. SQUARE CANADA INC",,Income - Other
25150,2025-04-01,934.73,"Electronic Funds Transfer MISC PAYMENT Square, Inc. SQUARE CANADA INC",,Income - Other
25145,2025-04-01,28.00,Internet Banking E-TRANSFER105398577102 Barb Peacock 4506*********534,,Income - Email Transfer
36444,2025-03-31,800.00,Automated Banking Machine ATM DEPOSIT GAETZ AVE + 67TH ST 2D54,,Income - Card Payments
25159,2025-03-31,1323.28,"Electronic Funds Transfer MISC PAYMENT Square, Inc. SQUARE CANADA INC",,Income - Other
25160,2025-03-31,269.77,"Electronic Funds Transfer MISC PAYMENT Square, Inc. SQUARE CANADA INC",,Income - Other
25164,2025-03-31,50.00,Internet Banking E-TRANSFER105392903746 Barb Peacock 4506*********534,,Income - Email Transfer
25171,2025-03-28,596.76,"Electronic Funds Transfer MISC PAYMENT Square, Inc. SQUARE CANADA INC",,Income - Other
25175,2025-03-27,2176.50,"Electronic Funds Transfer MISC PAYMENT Square, Inc. SQUARE CANADA INC",,Income - Other
25181,2025-03-26,547.25,"Electronic Funds Transfer MISC PAYMENT Square, Inc. SQUARE CANADA INC",,Income - Other
25190,2025-03-25,1325.93,"Electronic Funds Transfer MISC PAYMENT Square, Inc. SQUARE CANADA INC",,Income - Other
25207,2025-03-24,385.45,"Electronic Funds Transfer MISC PAYMENT Square, Inc. SQUARE CANADA INC",,Income - Other
25206,2025-03-24,852.64,"Electronic Funds Transfer MISC PAYMENT Square, Inc. SQUARE CANADA INC",,Income - Other
25228,2025-03-21,385.45,"Electronic Funds Transfer MISC PAYMENT Square, Inc. SQUARE CANADA INC",,Income - Other
36458,2025-03-20,140.00,Internet Banking E-TRANSFER 105381831650 Barb Peacock,,Income - Email Transfer
25239,2025-03-19,385.45,"Electronic Funds Transfer MISC PAYMENT Square, Inc. SQUARE CANADA INC",,Income - Other
36460,2025-03-18,315.00,Internet Banking E-TRANSFER 105378941571 Ashley Wingie,,Income - Email Transfer
25248,2025-03-18,2768.33,"Electronic Funds Transfer MISC PAYMENT Square, Inc. SQUARE CANADA INC",,Income - Other
36463,2025-03-17,40.00,Internet Banking E-TRANSFER 105375375236 KRISTIN SIMPSON,,Income - Email Transfer
25256,2025-03-17,640.14,"Electronic Funds Transfer MISC PAYMENT Square, Inc. SQUARE CANADA INC",,Income - Other
25255,2025-03-17,2224.43,"Electronic Funds Transfer MISC PAYMENT Square, Inc. SQUARE CANADA INC",,Income - Other
35164,2025-03-17,680.00,Internet Banking E-TRANSFER 105375302297 Brayton,,Income - Email Transfer
36461,2025-03-17,1100.00,Automated Banking Machine ATM DEPOSIT GAETZ AVE + 67TH ST 2D54,,Income - Card Payments
25264,2025-03-14,2624.83,"Electronic Funds Transfer MISC PAYMENT Square, Inc. SQUARE CANADA INC",,Income - Other
25275,2025-03-13,3416.16,"Electronic Funds Transfer MISC PAYMENT Square, Inc. SQUARE CANADA INC",,Income - Other
25286,2025-03-12,402.99,"Electronic Funds Transfer MISC PAYMENT Square, Inc. SQUARE CANADA INC",,Income - Other
25293,2025-03-11,901.70,"Electronic Funds Transfer MISC PAYMENT Square, Inc. SQUARE CANADA INC",,Income - Other
35165,2025-03-10,40.00,Internet Banking E-TRANSFER 105369852880 KRISTIN SIMPSON,,Income - Email Transfer
25304,2025-03-10,220.26,"Electronic Funds Transfer MISC PAYMENT Square, Inc. SQUARE CANADA INC",,Income - Other
25303,2025-03-10,385.45,"Electronic Funds Transfer MISC PAYMENT Square, Inc. SQUARE CANADA INC",,Income - Other
36467,2025-03-10,380.00,Automated Banking Machine ATM DEPOSIT GAETZ AVE + 22ND ST 1A66,,Income - Card Payments
36471,2025-03-07,725.00,Internet Banking E-TRANSFER 105366192480 KOLTON DIXON,,Income - Email Transfer
25318,2025-03-07,2633.63,"Electronic Funds Transfer MISC PAYMENT Square, Inc. SQUARE CANADA INC",,Income - Other
25323,2025-03-06,4796.95,"Electronic Funds Transfer MISC PAYMENT Square, Inc. SQUARE CANADA INC",,Income - Other
25326,2025-03-05,722.70,"Electronic Funds Transfer MISC PAYMENT Square, Inc. SQUARE CANADA INC",,Income - Other
25338,2025-03-04,4135.51,"Electronic Funds Transfer MISC PAYMENT Square, Inc. SQUARE CANADA INC",,Income - Other
36474,2025-03-03,270.00,Internet Banking E-TRANSFER 105357078208 DARLIEKRUEGER,,Income - Email Transfer
36473,2025-03-03,40.00,Internet Banking E-TRANSFER 105359711670 Barb Peacock,,Income - Email Transfer
36472,2025-03-03,700.00,Automated Banking Machine ATM DEPOSIT GAETZ AVE + 22ND ST 1A66,,Income - Card Payments
25342,2025-03-03,30.00,Internet Banking E-TRANSFER105361229221 Barb Peacock 4506*********534,,Income - Email Transfer
25358,2025-02-28,2092.63,"Electronic Funds Transfer MISC PAYMENT Square, Inc. SQUARE CANADA INC",,Income - Other
36481,2025-02-28,30.00,Internet Banking E-TRANSFER 105356173202 Barb Peacock,,Income - Email Transfer
25369,2025-02-27,2368.36,"Electronic Funds Transfer MISC PAYMENT Square, Inc. SQUARE CANADA INC",,Income - Other
25380,2025-02-25,385.45,"Electronic Funds Transfer MISC PAYMENT Square, Inc. SQUARE CANADA INC",,Income - Other
25393,2025-02-24,90.00,Internet Banking E-TRANSFER105348644378 Barb Peacock 4506*********534,,Income - Email Transfer
25385,2025-02-24,1381.78,"Electronic Funds Transfer MISC PAYMENT Square, Inc. SQUARE CANADA INC",,Income - Other
36482,2025-02-24,160.00,Automated Banking Machine ATM DEPOSIT GAETZ AVE + 22ND ST 1A66,,Income - Card Payments
36483,2025-02-24,180.00,Automated Banking Machine ATM DEPOSIT GAETZ AVE + 22ND ST 1A66,,Income - Card Payments
25403,2025-02-21,2000.00,Internet Banking E-TRANSFER105346656218 JANNAPICKERELL 4506*********534,,Income - Email Transfer
25401,2025-02-21,540.60,"Electronic Funds Transfer MISC PAYMENT Square, Inc. SQUARE CANADA INC",,Income - Other
25405,2025-02-20,231.21,"Electronic Funds Transfer MISC PAYMENT Square, Inc. SQUARE CANADA INC",,Income - Other
25409,2025-02-19,1028.33,"Electronic Funds Transfer MISC PAYMENT Square, Inc. SQUARE CANADA INC",,Income - Other
36489,2025-02-18,50.00,Internet Banking INTERNET TRANSFER 000000120005,,Income - Other
25418,2025-02-18,1950.87,"Electronic Funds Transfer MISC PAYMENT Square, Inc. SQUARE CANADA INC",,Income - Other
25419,2025-02-18,236.99,"Electronic Funds Transfer MISC PAYMENT Square, Inc. SQUARE CANADA INC",,Income - Other
25424,2025-02-18,130.00,Internet Banking E-TRANSFER105342747895 Barb Peacock 4506*********534,,Income - Email Transfer
25420,2025-02-18,521.65,"Electronic Funds Transfer MISC PAYMENT Square, Inc. SQUARE CANADA INC",,Income - Other
36490,2025-02-18,710.00,Automated Banking Machine ATM DEPOSIT GAETZ AVE + 22ND ST 1A66,,Income - Card Payments
25427,2025-02-17,20.40,Internet Banking E-TRANSFER105342213804 Barb Peacock 4506*********534,,Income - Email Transfer
36492,2025-02-14,460.41,Branch Transaction EFT DEBIT REVERSAL HEFFNER AUTO,,Income - Other
25441,2025-02-14,3137.26,"Electronic Funds Transfer MISC PAYMENT Square, Inc. SQUARE CANADA INC",,Income - Other
25452,2025-02-13,872.93,"Electronic Funds Transfer MISC PAYMENT Square, Inc. SQUARE CANADA INC",,Income - Other
36500,2025-02-11,10.00,Internet Banking E-TRANSFER 105335221405 Barb Peacock,,Income - Email Transfer
25459,2025-02-11,379.28,"Electronic Funds Transfer MISC PAYMENT Square, Inc. SQUARE CANADA INC",,Income - Other
25465,2025-02-10,231.21,"Electronic Funds Transfer MISC PAYMENT Square, Inc. SQUARE CANADA INC",,Income - Other
25466,2025-02-10,2000.00,Internet Banking E-TRANSFER105334425688 DAVIDRICHARD 4506*********534,,Income - Email Transfer
25468,2025-02-10,1535.16,"Electronic Funds Transfer MISC PAYMENT Square, Inc. SQUARE CANADA INC",,Income - Other
25484,2025-02-07,385.45,"Electronic Funds Transfer MISC PAYMENT Square, Inc. SQUARE CANADA INC",,Income - Other
25488,2025-02-06,1257.57,"Electronic Funds Transfer MISC PAYMENT Square, Inc. SQUARE CANADA INC",,Income - Other
25497,2025-02-05,73.48,Point of Sale - Interac PURCHASE REVERSAL157001001085 CHEVRON #43302 4506*********534,,Income - Email Transfer
25493,2025-02-05,142.14,"Electronic Funds Transfer MISC PAYMENT Square, Inc. SQUARE CANADA INC",,Income - Other
25502,2025-02-04,420.54,"Electronic Funds Transfer MISC PAYMENT Square, Inc. SQUARE CANADA INC",,Income - Other
25516,2025-02-03,655.00,Internet Banking E-TRANSFER105325553246 PATRICK WILTSE 4506*********534,,Income - Email Transfer
25513,2025-02-03,1126.60,"Electronic Funds Transfer MISC PAYMENT Square, Inc. SQUARE CANADA INC",,Income - Other
25517,2025-02-03,331.47,"Electronic Funds Transfer MISC PAYMENT Square, Inc. SQUARE CANADA INC",,Income - Other
25544,2025-01-31,1821.32,"Electronic Funds Transfer MISC PAYMENT Square, Inc. SQUARE CANADA INC",,Income - Other
25549,2025-01-30,1640.23,"Electronic Funds Transfer MISC PAYMENT Square, Inc. SQUARE CANADA INC",,Income - Other
25557,2025-01-29,1320.76,"Electronic Funds Transfer MISC PAYMENT Square, Inc. SQUARE CANADA INC",,Income - Other
25563,2025-01-28,1079.23,"Electronic Funds Transfer MISC PAYMENT Square, Inc. SQUARE CANADA INC",,Income - Other
25571,2025-01-27,1020.62,"Electronic Funds Transfer MISC PAYMENT Square, Inc. SQUARE CANADA INC",,Income - Other
25574,2025-01-24,616.66,"Electronic Funds Transfer MISC PAYMENT Square, Inc. SQUARE CANADA INC",,Income - Other
36532,2025-01-24,205.00,Internet Banking E-TRANSFER 105312449387 MICHELLE,,Income - Email Transfer
25576,2025-01-23,1915.83,"Electronic Funds Transfer MISC PAYMENT Square, Inc. SQUARE CANADA INC",,Income - Other
25580,2025-01-23,30.00,Internet Banking E-TRANSFER105310435337 Barb Peacock 4506*********534,,Income - Email Transfer
25589,2025-01-22,1192.79,"Electronic Funds Transfer MISC PAYMENT Square, Inc. SQUARE CANADA INC",,Income - Other
25590,2025-01-21,192.65,"Electronic Funds Transfer MISC PAYMENT Square, Inc. SQUARE CANADA INC",,Income - Other
25598,2025-01-20,547.10,"Electronic Funds Transfer MISC PAYMENT Square, Inc. SQUARE CANADA INC",,Income - Other
25597,2025-01-20,1273.31,"Electronic Funds Transfer MISC PAYMENT Square, Inc. SQUARE CANADA INC",,Income - Other
25606,2025-01-20,252.15,Internet Banking E-TRANSFER105304963094 Jamie lee town 4506*********534,,Income - Email Transfer
25610,2025-01-17,4968.48,"Electronic Funds Transfer MISC PAYMENT Square, Inc. SQUARE CANADA INC",,Income - Other
25618,2025-01-16,40.00,Internet Banking E-TRANSFER105302513111 DOUGLAS MAY 4506*********534,,Income - Email Transfer
25617,2025-01-16,1369.43,"Electronic Funds Transfer MISC PAYMENT Square, Inc. SQUARE CANADA INC",,Income - Other
25622,2025-01-15,369.79,"Electronic Funds Transfer MISC PAYMENT Square, Inc. SQUARE CANADA INC",,Income - Other
25624,2025-01-14,171.04,"Electronic Funds Transfer MISC PAYMENT Square, Inc. SQUARE CANADA INC",,Income - Other
35170,2025-01-14,4.36,Internet Banking E-TRANSFER 105299390073 Barb Peacock,,Income - Email Transfer
25638,2025-01-13,369.00,Internet Banking E-TRANSFER105295768097 KC QUALITY CONTRACTING IN 4506*********534,,Income - Email Transfer
25626,2025-01-13,308.33,"Electronic Funds Transfer MISC PAYMENT Square, Inc. SQUARE CANADA INC",,Income - Other
25627,2025-01-13,972.61,"Electronic Funds Transfer MISC PAYMENT Square, Inc. SQUARE CANADA INC",,Income - Other
35171,2025-01-13,100.00,Internet Banking E-TRANSFER 105297150664 KRISTIN SIMPSON,,Income - Email Transfer
36545,2025-01-10,1900.00,Automated Banking Machine ATM DEPOSIT GAETZ AVE + 67TH ST 2D54,,Income - Card Payments
36547,2025-01-08,1244.13,Point of Sale - Visa Debit VISA DIRECT CREDIT SQC*ID - 4IfmTh 500811942386,,Income - Other
25663,2025-01-08,1240.00,Automated Banking Machine ABM DEPOSIT 2D54 GAETZ AVE + 67TH ST 18242 4506*********534,,Income - Card Payments
25661,2025-01-08,68600.00,Electronic Funds Transfer MISC PAYMENT SQ SQ CAP1622 SQUARE CANADA INC,,Income - Other
25662,2025-01-08,927.90,"Electronic Funds Transfer MISC PAYMENT Square, Inc. SQUARE CANADA INC",,Income - Other
25666,2025-01-08,2136.40,"Electronic Funds Transfer MISC PAYMENT Square, Inc. SQUARE CANADA INC",,Income - Other
25660,2025-01-08,900.00,Internet Banking E-TRANSFER105292972259 DAVIDRICHARD 4506*********534,,Income - Email Transfer
25670,2025-01-07,873.78,"Electronic Funds Transfer MISC PAYMENT Square, Inc. SQUARE CANADA INC",,Income - Other
25681,2025-01-06,89.00,Internet Banking E-TRANSFER105288204902 Matthew Richard 4506*********534,,Income - Email Transfer
25672,2025-01-06,40.00,Internet Banking E-TRANSFER105290388893 KRISTIN SIMPSON 4506*********534,,Income - Email Transfer
36548,2025-01-06,55.00,Automated Banking Machine ATM DEPOSIT GAETZ AVE + 22ND ST 1A66,,Income - Card Payments
36549,2025-01-06,110.00,Internet Banking E-TRANSFER 105288643735 Barb Peacock,,Income - Email Transfer
25682,2025-01-03,367.78,"Electronic Funds Transfer MISC PAYMENT Square, Inc. SQUARE CANADA INC",,Income - Other
25688,2025-01-02,1274.55,"Electronic Funds Transfer MISC PAYMENT Square, Inc. SQUARE CANADA INC",,Income - Other
25687,2025-01-02,39.00,Internet Banking E-TRANSFER105284995393 CRYSTAL MATYCHUK 4506*********534,,Income - Email Transfer
25699,2024-12-31,2077.02,"Electronic Funds Transfer MISC PAYMENT Square, Inc. SQUARE CANADA INC",,Income - Other
25711,2024-12-30,485.45,"Electronic Funds Transfer MISC PAYMENT Square, Inc. SQUARE CANADA INC",,Income - Other
25710,2024-12-30,1244.10,"Electronic Funds Transfer MISC PAYMENT Square, Inc. SQUARE CANADA INC",,Income - Other
25724,2024-12-30,50.89,Point of Sale - Interac MERCHANDISE RETURN713132870501 THE HOME DEPOT 4506*********534,,Income - Email Transfer
25731,2024-12-27,417.95,"Electronic Funds Transfer MISC PAYMENT Square, Inc. SQUARE CANADA INC",,Income - Other
36574,2024-12-27,100.00,Internet Banking E-TRANSFER 105274980701 Barb Peacock,,Income - Email Transfer
25741,2024-12-24,1371.70,"Electronic Funds Transfer MISC PAYMENT Square, Inc. SQUARE CANADA INC",,Income - Other
25749,2024-12-23,496.33,"Electronic Funds Transfer MISC PAYMENT Square, Inc. SQUARE CANADA INC",,Income - Other
25746,2024-12-23,718.54,"Electronic Funds Transfer MISC PAYMENT Square, Inc. SQUARE CANADA INC",,Income - Other
25745,2024-12-23,545.42,"Electronic Funds Transfer MISC PAYMENT Square, Inc. SQUARE CANADA INC",,Income - Other
36581,2024-12-20,2000.00,Branch Transaction MEMO - TRANSFER IBB GAETZ AVE & 67TH ST BANKING CE,,Income - Other
25764,2024-12-20,2428.23,"Electronic Funds Transfer MISC PAYMENT Square, Inc. SQUARE CANADA INC",,Income - Other
25773,2024-12-19,8591.76,"Electronic Funds Transfer MISC PAYMENT Square, Inc. SQUARE CANADA INC",,Income - Other
25775,2024-12-19,20.00,Internet Banking E-TRANSFER105267913813 Barb Peacock 4506*********534,,Income - Email Transfer
25782,2024-12-18,858.24,"Electronic Funds Transfer MISC PAYMENT Square, Inc. SQUARE CANADA INC",,Income - Other
25792,2024-12-17,4415.60,"Electronic Funds Transfer MISC PAYMENT Square, Inc. SQUARE CANADA INC",,Income - Other
25798,2024-12-16,892.77,"Electronic Funds Transfer MISC PAYMENT Square, Inc. SQUARE CANADA INC",,Income - Other
25801,2024-12-16,2272.11,"Electronic Funds Transfer MISC PAYMENT Square, Inc. SQUARE CANADA INC",,Income - Other
25814,2024-12-13,1483.69,"Electronic Funds Transfer MISC PAYMENT Square, Inc. SQUARE CANADA INC",,Income - Other
25826,2024-12-12,1911.64,"Electronic Funds Transfer MISC PAYMENT Square, Inc. SQUARE CANADA INC",,Income - Other
25836,2024-12-11,3449.74,"Electronic Funds Transfer MISC PAYMENT Square, Inc. SQUARE CANADA INC",,Income - Other
36605,2024-12-10,330.25,Internet Banking E-TRANSFER 105256179647 T & E PUMPS LTD.,,Income - Email Transfer
25841,2024-12-10,209.21,"Electronic Funds Transfer MISC PAYMENT Square, Inc. SQUARE CANADA INC",,Income - Other
36607,2024-12-09,40.00,Automated Banking Machine ATM DEPOSIT GAETZ AVE + 22ND ST 1A66,,Income - Card Payments
25857,2024-12-09,4946.64,"Electronic Funds Transfer MISC PAYMENT Square, Inc. SQUARE CANADA INC",,Income - Other
25856,2024-12-09,1092.73,"Electronic Funds Transfer MISC PAYMENT Square, Inc. SQUARE CANADA INC",,Income - Other
25875,2024-12-09,2000.00,Internet Banking E-TRANSFER105252470775 DAVIDRICHARD 4506*********534,,Income - Email Transfer
25882,2024-12-06,2261.94,"Electronic Funds Transfer MISC PAYMENT Square, Inc. SQUARE CANADA INC",,Income - Other
25889,2024-12-05,1524.95,"Electronic Funds Transfer MISC PAYMENT Square, Inc. SQUARE CANADA INC",,Income - Other
36610,2024-12-04,28.00,Internet Banking E-TRANSFER 105247711922 Barb Peacock,,Income - Email Transfer
25900,2024-12-04,5553.00,"Electronic Funds Transfer MISC PAYMENT Square, Inc. SQUARE CANADA INC",,Income - Other
25903,2024-12-03,537.41,"Electronic Funds Transfer MISC PAYMENT Square, Inc. SQUARE CANADA INC",,Income - Other
25911,2024-12-02,1184.13,"Electronic Funds Transfer MISC PAYMENT Square, Inc. SQUARE CANADA INC",,Income - Other
25910,2024-12-02,485.45,"Electronic Funds Transfer MISC PAYMENT Square, Inc. SQUARE CANADA INC",,Income - Other
55588,2024-11-29,439.26,Customer Deposit - CIBC (from ledger staging),CUSTOMER,Income
36614,2024-11-29,474.16,Branch Transaction EFT DEBIT REVERSAL HEFFNER AUTO,,Income - Other
25925,2024-11-29,3655.42,"Electronic Funds Transfer MISC PAYMENT Square, Inc. SQUARE CANADA INC",,Income - Other
25931,2024-11-28,485.45,"Electronic Funds Transfer MISC PAYMENT Square, Inc. SQUARE CANADA INC",,Income - Other
25937,2024-11-28,60.00,Internet Banking E-TRANSFER105237961359 Barb Peacock 4506*********534,,Income - Email Transfer
25938,2024-11-27,2039.07,"Electronic Funds Transfer MISC PAYMENT Square, Inc. SQUARE CANADA INC",,Income - Other
36620,2024-11-26,140.00,Internet Banking E-TRANSFER 105236371785 JAMIELANSINK,,Income - Email Transfer
55586,2024-11-26,1428.35,Customer Deposit - CIBC (from ledger staging),CUSTOMER,Income
25946,2024-11-26,776.66,"Electronic Funds Transfer MISC PAYMENT Square, Inc. SQUARE CANADA INC",,Income - Other
25965,2024-11-25,3556.89,"Electronic Funds Transfer MISC PAYMENT Square, Inc. SQUARE CANADA INC",,Income - Other
25964,2024-11-25,971.05,"Electronic Funds Transfer MISC PAYMENT Square, Inc. SQUARE CANADA INC",,Income - Other
25984,2024-11-22,2605.82,"Electronic Funds Transfer MISC PAYMENT Square, Inc. SQUARE CANADA INC",,Income - Other
25982,2024-11-22,100.00,Internet Banking E-TRANSFER105231702001 WALTERINE GFAYE 4506*********534,,Income - Email Transfer
36624,2024-11-21,280.00,Automated Banking Machine ATM DEPOSIT GAETZ AVE + 67TH ST 1E0U,,Income - Card Payments
25994,2024-11-21,83.00,Internet Banking E-TRANSFER105229859719 Barb Peacock 4506*********534,,Income - Email Transfer
25992,2024-11-21,1781.21,"Electronic Funds Transfer MISC PAYMENT Square, Inc. SQUARE CANADA INC",,Income - Other
26003,2024-11-20,3720.25,"Electronic Funds Transfer MISC PAYMENT Square, Inc. SQUARE CANADA INC",,Income - Other
26008,2024-11-20,65.00,Internet Banking E-TRANSFER105228832342 Barb Peacock 4506*********534,,Income - Email Transfer
26010,2024-11-19,35.54,"Electronic Funds Transfer MISC PAYMENT Square, Inc. SQUARE CANADA INC",,Income - Other
26022,2024-11-18,1829.94,"Electronic Funds Transfer MISC PAYMENT Square, Inc. SQUARE CANADA INC",,Income - Other
26041,2024-11-15,3257.65,"Electronic Funds Transfer MISC PAYMENT Square, Inc. SQUARE CANADA INC",,Income - Other
26046,2024-11-14,604.09,"Electronic Funds Transfer MISC PAYMENT Square, Inc. SQUARE CANADA INC",,Income - Other
26048,2024-11-13,1659.97,"Electronic Funds Transfer MISC PAYMENT Square, Inc. SQUARE CANADA INC",,Income - Other
26059,2024-11-12,485.45,"Electronic Funds Transfer MISC PAYMENT Square, Inc. SQUARE CANADA INC",,Income - Other
36632,2024-11-12,69.33,Internet Banking E-TRANSFER 105216818483 Elizabeth Bulic,,Income - Email Transfer
26058,2024-11-12,640.84,"Electronic Funds Transfer MISC PAYMENT Square, Inc. SQUARE CANADA INC",,Income - Other
26057,2024-11-12,179.04,"Electronic Funds Transfer MISC PAYMENT Square, Inc. SQUARE CANADA INC",,Income - Other
26068,2024-11-12,503.55,Internet Banking E-TRANSFER105216692786 WENDY COLLICUTT 4506*********534,,Income - Email Transfer
26065,2024-11-12,50.00,Internet Banking E-TRANSFER105218553342 Barb Peacock 4506*********534,,Income - Email Transfer
26073,2024-11-08,2531.62,"Electronic Funds Transfer MISC PAYMENT Square, Inc. SQUARE CANADA INC",,Income - Other
36639,2024-11-07,250.00,Internet Banking E-TRANSFER 105213055856 Shawn Mackinaw,,Income - Email Transfer
26087,2024-11-07,2860.03,"Electronic Funds Transfer MISC PAYMENT Square, Inc. SQUARE CANADA INC",,Income - Other
26094,2024-11-06,825.22,"Electronic Funds Transfer MISC PAYMENT Square, Inc. SQUARE CANADA INC",,Income - Other
26102,2024-11-05,1237.09,"Electronic Funds Transfer MISC PAYMENT Square, Inc. SQUARE CANADA INC",,Income - Other
36643,2024-11-04,20.00,Internet Banking E-TRANSFER 105208703259 KARA GOSSELIN,,Income - Email Transfer
26117,2024-11-04,40.00,Internet Banking E-TRANSFER105207833273 DARLIEKRUEGER 4506*********534,,Income - Email Transfer
26109,2024-11-04,2339.75,"Electronic Funds Transfer MISC PAYMENT Square, Inc. SQUARE CANADA INC",,Income - Other
26116,2024-11-04,50.00,Internet Banking E-TRANSFER105207886811 DARLIEKRUEGER 4506*********534,,Income - Email Transfer
26110,2024-11-04,9.56,"Electronic Funds Transfer MISC PAYMENT Square, Inc. SQUARE CANADA INC",,Income - Other
26124,2024-11-01,3197.82,"Electronic Funds Transfer MISC PAYMENT Square, Inc. SQUARE CANADA INC",,Income - Other
26133,2024-10-31,320.00,Internet Banking E-TRANSFER105202494723 DARLIEKRUEGER 4506*********534,,Income - Email Transfer
26134,2024-10-30,2242.48,"Electronic Funds Transfer MISC PAYMENT Square, Inc. SQUARE CANADA INC",,Income - Other
26144,2024-10-29,100.00,Internet Banking E-TRANSFER105199771404 Barb Peacock 4506*********534,,Income - Email Transfer
26141,2024-10-29,616.61,"Electronic Funds Transfer MISC PAYMENT Square, Inc. SQUARE CANADA INC",,Income - Other
36649,2024-10-28,40.00,Automated Banking Machine ATM DEPOSIT GAETZ AVE + 67TH ST 2D54,,Income - Card Payments
26145,2024-10-28,1484.51,"Electronic Funds Transfer MISC PAYMENT Square, Inc. SQUARE CANADA INC",,Income - Other
26146,2024-10-28,194.09,"Electronic Funds Transfer MISC PAYMENT Square, Inc. SQUARE CANADA INC",,Income - Other
36652,2024-10-25,150.00,Internet Banking E-TRANSFER 105195797134 PAISLEY POIRIER,,Income - Email Transfer
26153,2024-10-25,465.88,"Electronic Funds Transfer MISC PAYMENT Square, Inc. SQUARE CANADA INC",,Income - Other
26165,2024-10-24,2403.42,"Electronic Funds Transfer MISC PAYMENT Square, Inc. SQUARE CANADA INC",,Income - Other
26169,2024-10-23,485.30,"Electronic Funds Transfer MISC PAYMENT Square, Inc. SQUARE CANADA INC",,Income - Other
26177,2024-10-22,1310.67,"Electronic Funds Transfer MISC PAYMENT Square, Inc. SQUARE CANADA INC",,Income - Other
36655,2024-10-22,110.00,Internet Banking E-TRANSFER 105191608791 Barb Peacock,,Income - Email Transfer
26190,2024-10-21,50.00,Internet Banking E-TRANSFER105190395371 Barb Peacock 4506*********534,,Income - Email Transfer
26199,2024-10-21,57.00,Internet Banking E-TRANSFER105188402018 Barb Peacock 4506*********534,,Income - Email Transfer
26193,2024-10-21,50.00,Internet Banking E-TRANSFER105190062763 Barb Peacock 4506*********534,,Income - Email Transfer
26194,2024-10-21,30.00,Internet Banking E-TRANSFER105189930557 Barb Peacock 4506*********534,,Income - Email Transfer
26181,2024-10-21,532.21,"Electronic Funds Transfer MISC PAYMENT Square, Inc. SQUARE CANADA INC",,Income - Other
26202,2024-10-18,210.00,Internet Banking E-TRANSFER105187782064 KERI JENSEN 4506*********534,,Income - Email Transfer
26200,2024-10-18,147.72,"Electronic Funds Transfer MISC PAYMENT Square, Inc. SQUARE CANADA INC",,Income - Other
36657,2024-10-18,474.16,Branch Transaction EFT DEBIT REVERSAL HEFFNER AUTO,,Income - Other
26210,2024-10-17,2026.59,"Electronic Funds Transfer MISC PAYMENT Square, Inc. SQUARE CANADA INC",,Income - Other
36667,2024-10-15,50.00,Internet Banking E-TRANSFER 105182641338 TYLER FOLK,,Income - Email Transfer
36664,2024-10-15,20.00,Internet Banking E-TRANSFER 105183723239 Barb Peacock,,Income - Email Transfer
36669,2024-10-15,15.00,Internet Banking E-TRANSFER 105180535270 Barb Peacock,,Income - Email Transfer
26228,2024-10-15,4455.41,"Electronic Funds Transfer MISC PAYMENT Square, Inc. SQUARE CANADA INC",,Income - Other
26229,2024-10-15,917.24,"Electronic Funds Transfer MISC PAYMENT Square, Inc. SQUARE CANADA INC",,Income - Other
26230,2024-10-15,498.51,"Electronic Funds Transfer MISC PAYMENT Square, Inc. SQUARE CANADA INC",,Income - Other
26251,2024-10-11,835.90,"Electronic Funds Transfer MISC PAYMENT Square, Inc. SQUARE CANADA INC",,Income - Other
26257,2024-10-10,1284.50,"Electronic Funds Transfer MISC PAYMENT Square, Inc. SQUARE CANADA INC",,Income - Other
26263,2024-10-09,96.97,"Electronic Funds Transfer MISC PAYMENT Square, Inc. SQUARE CANADA INC",,Income - Other
26269,2024-10-08,829.10,"Electronic Funds Transfer MISC PAYMENT Square, Inc. SQUARE CANADA INC",,Income - Other
26283,2024-10-07,60.00,Internet Banking E-TRANSFER105172089103 JUST CONTAINERS INC. 4506*********534,,Income - Email Transfer
26295,2024-10-04,2416.24,"Electronic Funds Transfer MISC PAYMENT Square, Inc. SQUARE CANADA INC",,Income - Other
26303,2024-10-03,1408.28,"Electronic Funds Transfer MISC PAYMENT Square, Inc. SQUARE CANADA INC",,Income - Other
26308,2024-10-02,2473.67,"Electronic Funds Transfer MISC PAYMENT Square, Inc. SQUARE CANADA INC",,Income - Other
26320,2024-10-01,52.50,Internet Banking E-TRANSFER RECLAIM011113735767 4506*********534,,Income - Email Transfer
26313,2024-10-01,1466.74,"Electronic Funds Transfer MISC PAYMENT Square, Inc. SQUARE CANADA INC",,Income - Other
26314,2024-10-01,1194.43,"Electronic Funds Transfer MISC PAYMENT Square, Inc. SQUARE CANADA INC",,Income - Other
26343,2024-09-27,872.04,"Electronic Funds Transfer MISC PAYMENT Square, Inc. SQUARE CANADA INC",,Income - Other
26357,2024-09-25,2699.94,"Electronic Funds Transfer MISC PAYMENT Square, Inc. SQUARE CANADA INC",,Income - Other
26370,2024-09-24,7383.26,"Electronic Funds Transfer MISC PAYMENT Square, Inc. SQUARE CANADA INC",,Income - Other
35177,2024-09-23,35.31,Internet Banking E-TRANSFER 105153894544 CRYSTAL MATYCHUK,,Income - Email Transfer
35182,2024-09-23,430.00,Internet Banking INTERNET TRANSFER 000000135239,,Income - Other
26378,2024-09-23,581.11,"Electronic Funds Transfer MISC PAYMENT Square, Inc. SQUARE CANADA INC",,Income - Other
26376,2024-09-23,630.00,Internet Banking E-TRANSFER105155673015 ROBERT MARIO ALLAN GRUENB 4506*********534,,Income - Email Transfer
36704,2024-09-23,1000.00,Internet Banking E-TRANSFER 105154619261 AMYDAKIN,,Income - Email Transfer
26379,2024-09-23,296.45,"Electronic Funds Transfer MISC PAYMENT Square, Inc. SQUARE CANADA INC",,Income - Other
26396,2024-09-20,3701.09,"Electronic Funds Transfer MISC PAYMENT Square, Inc. SQUARE CANADA INC",,Income - Other
26404,2024-09-19,1170.95,"Electronic Funds Transfer MISC PAYMENT Square, Inc. SQUARE CANADA INC",,Income - Other
36711,2024-09-18,1600.00,Automated Banking Machine ATM DEPOSIT GAETZ AVE + 67TH ST 2D54,,Income - Card Payments
26411,2024-09-18,2821.04,"Electronic Funds Transfer MISC PAYMENT Square, Inc. SQUARE CANADA INC",,Income - Other
26420,2024-09-17,1170.67,"Electronic Funds Transfer MISC PAYMENT Square, Inc. SQUARE CANADA INC",,Income - Other
36718,2024-09-16,252.00,Internet Banking E-TRANSFER 105147215765 MEGHANROUNTREE,,Income - Email Transfer
26424,2024-09-16,971.05,"Electronic Funds Transfer MISC PAYMENT Square, Inc. SQUARE CANADA INC",,Income - Other
26438,2024-09-13,582.42,"Electronic Funds Transfer MISC PAYMENT Square, Inc. SQUARE CANADA INC",,Income - Other
26450,2024-09-12,3949.75,"Electronic Funds Transfer MISC PAYMENT Square, Inc. SQUARE CANADA INC",,Income - Other
26459,2024-09-11,3194.79,"Electronic Funds Transfer MISC PAYMENT Square, Inc. SQUARE CANADA INC",,Income - Other
26467,2024-09-10,946.47,"Electronic Funds Transfer MISC PAYMENT Square, Inc. SQUARE CANADA INC",,Income - Other
26469,2024-09-10,505.31,Internet Banking E-TRANSFER105139239130 CATHY 4506*********534,,Income - Email Transfer
26470,2024-09-09,6089.53,Branch Transaction EFT DR REVERSAL APF GENERAL,,Income - Other
26476,2024-09-09,5.00,Internet Banking E-TRANSFER105138885380 Barb Peacock 4506*********534,,Income - Email Transfer
26474,2024-09-09,873.93,"Electronic Funds Transfer MISC PAYMENT Square, Inc. SQUARE CANADA INC",,Income - Other
36727,2024-09-09,80.00,Automated Banking Machine ATM DEPOSIT GAETZ AVE + 67TH ST 1E0U,,Income - Card Payments
26473,2024-09-09,1502.63,"Electronic Funds Transfer MISC PAYMENT Square, Inc. SQUARE CANADA INC",,Income - Other
26491,2024-09-06,1202.63,"Electronic Funds Transfer MISC PAYMENT Square, Inc. SQUARE CANADA I",,Income - Other
36734,2024-09-06,169.00,Internet Banking E-TRANSFER 105134610217 KALINAHUNTER,,Income - Email Transfer
36735,2024-09-06,40.00,Internet Banking E-TRANSFER 105134404690 Barb Peacock,,Income - Email Transfer
26498,2024-09-05,442.09,"Electronic Funds Transfer MISC PAYMENT Square, Inc. SQUARE CANADA I",,Income - Other
36742,2024-09-05,883.87,Internet Banking E-TRANSFER 105132861487 BRYCE NICOLAI WATTERS,,Income - Email Transfer
26504,2024-09-04,110.00,Internet Banking E-TRANSFER105132746540 Barb Peacock 4506*********534,,Income - Email Transfer
26509,2024-09-04,3471.82,"Electronic Funds Transfer MISC PAYMENT Square, Inc. SQUARE CANADA I",,Income - Other
36745,2024-09-04,20.00,Internet Banking E-TRANSFER 105132170905 Barb Peacock,,Income - Email Transfer
26523,2024-09-03,40.00,Internet Banking E-TRANSFER105129832664 Barb Peacock 4506*********534,,Income - Email Transfer
26519,2024-09-03,700.00,Internet Banking E-TRANSFER105130117071 VENESSAORR 4506*********534,,Income - Email Transfer
26516,2024-09-03,507.15,"Electronic Funds Transfer MISC PAYMENT Square, Inc. SQUARE CANADA I",,Income - Other
26517,2024-09-03,1299.50,"Electronic Funds Transfer MISC PAYMENT Square, Inc. SQUARE CANADA I",,Income - Other
26518,2024-09-03,485.45,"Electronic Funds Transfer MISC PAYMENT Square, Inc. SQUARE CANADA I",,Income - Other
35185,2024-09-03,118.42,Automated Banking Machine ATM DEPOSIT GAETZ AVE + 67TH ST 2D54,,Income - Card Payments
26555,2024-08-30,3012.15,"Electronic Funds Transfer MISC PAYMENT Square, Inc. SQUARE CANADA I",,Income - Other
26566,2024-08-29,2206.50,"Electronic Funds Transfer MISC PAYMENT Square, Inc. SQUARE CANADA I",,Income - Other
26573,2024-08-28,1513.71,"Electronic Funds Transfer MISC PAYMENT Square, Inc. SQUARE CANADA I",,Income - Other
26584,2024-08-27,2474.25,"Electronic Funds Transfer MISC PAYMENT Square, Inc. SQUARE CANADA I",,Income - Other
36768,2024-08-26,100.00,Internet Banking E-TRANSFER 105118567402 CRYSTAL MATYCHUK,,Income - Email Transfer
26597,2024-08-26,791.50,Internet Banking E-TRANSFER105119047378 ASHLEY VAN GELDEREN 4506*********534,,Income - Email Transfer
26591,2024-08-26,1284.69,"Electronic Funds Transfer MISC PAYMENT Square, Inc. SQUARE CANADA I",,Income - Other
26618,2024-08-23,4647.98,"Electronic Funds Transfer MISC PAYMENT Square, Inc. SQUARE CANADA I",,Income - Other
36775,2024-08-22,1160.50,Internet Banking E-TRANSFER 105115518797 Tayler Letwin,,Income - Email Transfer
26623,2024-08-22,1308.10,Internet Banking E-TRANSFER105115662647 SHERRI RYCKMAN 4506*********534,,Income - Email Transfer
26628,2024-08-22,3533.72,"Electronic Funds Transfer MISC PAYMENT Square, Inc. SQUARE CANADA I",,Income - Other
26632,2024-08-21,245.00,Internet Banking E-TRANSFER105113800493 MATICYN ELIZABETH BROWN 4506*********534,,Income - Email Transfer
26633,2024-08-21,80.00,Internet Banking E-TRANSFER105113548988 Barb Peacock 4506*********534,,Income - Email Transfer
26634,2024-08-21,250.00,Internet Banking E-TRANSFER105113546560 Barb Peacock 4506*********534,,Income - Email Transfer
36783,2024-08-20,1250.00,Automated Banking Machine ATM DEPOSIT GAETZ AVE + 67TH ST 2D54,,Income - Card Payments
26641,2024-08-20,7724.42,"Electronic Funds Transfer MISC PAYMENT Square, Inc. SQUARE CANADA I",,Income - Other
26663,2024-08-19,180.00,Internet Banking E-TRANSFER105109374372 Barb Peacock 4506*********534,,Income - Email Transfer
26661,2024-08-19,1300.00,Internet Banking E-TRANSFER105109715444 ALLISONCOLLEENKARTUSCH 4506*********534,,Income - Email Transfer
26647,2024-08-19,387.60,"Electronic Funds Transfer MISC PAYMENT Square, Inc. SQUARE CANADA I",,Income - Other
36784,2024-08-19,460.00,Automated Banking Machine ATM DEPOSIT GAETZ AVE + 67TH ST 2D54,,Income - Card Payments
26674,2024-08-16,884.37,"Electronic Funds Transfer MISC PAYMENT Square, Inc. SQUARE CANADA I",,Income - Other
26678,2024-08-15,1507.33,"Electronic Funds Transfer MISC PAYMENT Square, Inc. SQUARE CANADA I",,Income - Other
26687,2024-08-14,3024.67,"Electronic Funds Transfer MISC PAYMENT Square, Inc. SQUARE CANADA I",,Income - Other
26698,2024-08-13,2095.01,"Electronic Funds Transfer MISC PAYMENT Square, Inc. SQUARE CANADA I",,Income - Other
26707,2024-08-12,86.53,"Electronic Funds Transfer MISC PAYMENT Square, Inc. SQUARE CANADA I",,Income - Other
26706,2024-08-12,1359.08,"Electronic Funds Transfer MISC PAYMENT Square, Inc. SQUARE CANADA I",,Income - Other
26705,2024-08-12,537.41,"Electronic Funds Transfer MISC PAYMENT Square, Inc. SQUARE CANADA I",,Income - Other
36808,2024-08-09,750.00,Automated Banking Machine ATM DEPOSIT GAETZ AVE + 67TH ST 1E0U,,Income - Card Payments
26721,2024-08-09,3184.54,"Electronic Funds Transfer MISC PAYMENT Square, Inc. SQUARE CANADA I",,Income - Other
26728,2024-08-08,2000.00,Automated Banking Machine ABM DEPOSIT 2D54 GAETZ AVE + 67TH ST 18242 4506*********534,,Income - Card Payments
26741,2024-08-07,1259.83,"Electronic Funds Transfer MISC PAYMENT Square, Inc. SQUARE CANADA I",,Income - Other
36809,2024-08-06,120.00,Automated Banking Machine ATM DEPOSIT GAETZ AVE + 67TH ST 2D54,,Income - Card Payments
36810,2024-08-06,340.00,Automated Banking Machine ATM DEPOSIT GAETZ AVE + 67TH ST 2D54,,Income - Card Payments
26744,2024-08-06,2021.63,"Electronic Funds Transfer MISC PAYMENT Square, Inc. SQUARE CANADA I",,Income - Other
26750,2024-08-06,638.26,"Electronic Funds Transfer MISC PAYMENT Square, Inc. SQUARE CANADA I",,Income - Other
36811,2024-08-06,24.00,Internet Banking E-TRANSFER 105094779096 CRYSTAL MATYCHUK,,Income - Email Transfer
26754,2024-08-05,25.00,Internet Banking E-TRANSFER105094426518 Barb Peacock 4506*********534,,Income - Email Transfer
26762,2024-08-02,49.35,Point of Sale - Interac MERCHANDISE RETURN244001001014 LORDCO AUTO PAR 4506*********534,,Income - Email Transfer
26771,2024-08-02,91.17,"Electronic Funds Transfer MISC PAYMENT Square, Inc. SQUARE CANADA I",,Income - Other
26769,2024-08-02,2000.00,Internet Banking E-TRANSFER105092402927 DAVIDRICHARD 4506*********534,,Income - Email Transfer
