receipt_id,receipt_date,vendor_name,gross_amount,payment_method,canonical_pay_method,is_driver_reimbursement,reimbursed_via,banking_transaction_id,is_matched,receipt_source,classification_bucket,classification_reason
215233,2012-01-01,RUN'N ON EMPTY,30.00,cash,,False,,,False,,petty_cash_business_likely,cash method with non-specific vendor
215286,2012-01-01,RUN'N ON EMPTY,5.81,cash,,False,,,False,,petty_cash_business_likely,cash method with non-specific vendor
215295,2012-01-01,EDMONTON AIRPORT AUTHORITY,30.00,cash,,False,,,False,,petty_cash_business_likely,cash method with non-specific vendor
217208,2012-01-01,PUROLATOR,28.25,cash,,False,,,False,,petty_cash_business_likely,cash method with non-specific vendor
217210,2012-01-01,106.7 THE DRIVE,814.22,cash,,False,,,False,,petty_cash_business_likely,cash method with non-specific vendor
217248,2012-01-01,MARK'S STORE #3,62.97,cash,,False,,,False,,petty_cash_business_likely,cash method with non-specific vendor
217375,2012-01-01,THE SEWING LOFT,6.30,cash,,False,,,False,,petty_cash_business_likely,cash method with non-specific vendor
217572,2012-01-01,SWIGS & SWINE,14.17,cash,,False,,,False,,petty_cash_business_likely,cash method with non-specific vendor
217567,2012-01-02,HUMPTYS,11.45,cash,,False,,,False,,petty_cash_business_likely,cash method with non-specific vendor
217034,2012-01-04,TOTEM,36.99,cash,,False,,,False,,petty_cash_business_likely,cash method with non-specific vendor
217076,2012-01-05,WALMART,29.40,cash,,False,,,False,,petty_cash_business_likely,cash method with non-specific vendor
215062,2012-01-06,MR SUDS INC.,6.65,cash,,False,,,False,,petty_cash_business_likely,cash method with non-specific vendor
214859,2012-01-08,RUN'N ON EMPTY,11.96,cash,,False,,,False,,petty_cash_business_likely,cash method with non-specific vendor
217245,2012-01-08,WALMART,11.13,cash,,False,,,False,,petty_cash_business_likely,cash method with non-specific vendor
214935,2012-01-10,CITY OF RED DEER,41.65,cash,,False,,,False,,petty_cash_business_likely,cash method with non-specific vendor
215004,2012-01-10,A BUCK OR TWO,12.60,cash,,False,,,False,,petty_cash_business_likely,cash method with non-specific vendor
217124,2012-01-11,REAL CANADIAN WHOLESALE CLUB,5.67,cash,,False,,,False,,petty_cash_business_likely,cash method with non-specific vendor
215155,2012-01-12,JUMBO,4.80,cash,,False,,,False,,petty_cash_business_likely,cash method with non-specific vendor
214933,2012-01-13,PUROLATOR COURIER,66.52,cash,,False,,,False,,petty_cash_business_likely,cash method with non-specific vendor
215695,2012-01-13,UNREADABLE,75.56,cash,,False,,,False,,petty_cash_business_likely,cash method with non-specific vendor
217040,2012-01-13,DOLLARAMA,57.32,cash,,False,,,False,,petty_cash_business_likely,cash method with non-specific vendor
217143,2012-01-13,SOBEYS,104.52,cash,,False,,,False,,petty_cash_business_likely,cash method with non-specific vendor
214855,2012-01-14,ALL SERVICE INSURANCE,1000.00,cash,,False,,,False,,petty_cash_business_likely,cash method with non-specific vendor
217066,2012-01-20,SAVE ON FOODS,6.46,cash,,False,,,False,,petty_cash_business_likely,cash method with non-specific vendor
217222,2012-01-20,RED DEER REGISTRIES,25.00,cash,,False,,,False,,petty_cash_business_likely,cash method with non-specific vendor
215041,2012-01-22,106.7 THE DRIVE,48.99,cash,,False,,,False,,petty_cash_business_likely,cash method with non-specific vendor
215091,2012-01-23,MR SUDS INC.,6.40,cash,,False,,,False,,petty_cash_business_likely,cash method with non-specific vendor
215092,2012-01-23,MR SUDS INC.,11.40,cash,,False,,,False,,petty_cash_business_likely,cash method with non-specific vendor
215463,2012-01-24,FIBRENEW,1050.00,cash,,False,,,False,manual_2012_backfill,petty_cash_business_likely,cash method with non-specific vendor
215141,2012-01-25,JUMBO,11.25,cash,,False,,,False,,petty_cash_business_likely,cash method with non-specific vendor
217157,2012-01-26,COOP,23.86,cash,,False,,,False,,petty_cash_business_likely,cash method with non-specific vendor
217219,2012-01-31,CITY OF RED DEER,315.00,cash,,False,,,False,,petty_cash_business_likely,cash method with non-specific vendor
217220,2012-01-31,CITY OF RED DEER,200.00,cash,,False,,,False,,petty_cash_business_likely,cash method with non-specific vendor
217221,2012-01-31,CITY OF RED DEER,165.00,cash,,False,,,False,,petty_cash_business_likely,cash method with non-specific vendor
215145,2012-02-02,JUMBO,5.60,cash,,False,,,False,,petty_cash_business_likely,cash method with non-specific vendor
215700,2012-02-03,VILLAGE MALL,21.53,cash,,False,,,False,,petty_cash_business_likely,cash method with non-specific vendor
215775,2012-02-03,MACS CONVENIENCE,16.22,cash,,False,,,False,,petty_cash_business_likely,cash method with non-specific vendor
215090,2012-02-04,MR SUDS INC.,5.70,cash,,False,,,False,,petty_cash_business_likely,cash method with non-specific vendor
215146,2012-02-04,JUMBO,10.00,cash,,False,,,False,,petty_cash_business_likely,cash method with non-specific vendor
215186,2012-02-04,HUGHES,10.00,cash,,False,,,False,,petty_cash_business_likely,cash method with non-specific vendor
215009,2012-02-06,THE KEY HOLE,13.55,cash,,False,,,False,,petty_cash_business_likely,cash method with non-specific vendor
217171,2012-02-06,MR LUBE,61.40,cash,,False,,,False,,petty_cash_business_likely,cash method with non-specific vendor
217575,2012-02-06,PHOENIX BUFFET,35.00,cash,,False,,,False,,petty_cash_business_likely,cash method with non-specific vendor
214948,2012-02-08,CITY CENTER VACUUM,20.99,cash,,False,,,False,,petty_cash_business_likely,cash method with non-specific vendor
214932,2012-02-11,DOLLARAMA,4.20,cash,,False,,,False,,petty_cash_business_likely,cash method with non-specific vendor
215143,2012-02-12,JUMBO,25.00,cash,,False,,,False,,petty_cash_business_likely,cash method with non-specific vendor
217129,2012-02-12,SOBEYS,20.00,cash,,False,,,False,,petty_cash_business_likely,cash method with non-specific vendor
217047,2012-02-13,STAPLES,58.82,cash,,False,,,False,,petty_cash_business_likely,cash method with non-specific vendor
217524,2012-02-13,BONANNO PIZZA,11.24,cash,,False,,,False,,petty_cash_business_likely,cash method with non-specific vendor
217334,2012-02-14,MGM GRAND HOTEL,91.93,cash,,False,,,False,,petty_cash_business_likely,cash method with non-specific vendor
217335,2012-02-14,MGM GRAND HOTEL,91.93,cash,,False,,,False,,petty_cash_business_likely,cash method with non-specific vendor
217519,2012-02-14,BOSTON PIZZA,10.45,cash,,False,,,False,,petty_cash_business_likely,cash method with non-specific vendor
214088,2012-02-16,COOP,26.80,cash,,False,,,False,,petty_cash_business_likely,cash method with non-specific vendor
217240,2012-02-16,MGM GRAND HOTEL,2.49,cash,,False,,,False,,petty_cash_business_likely,cash method with non-specific vendor
217520,2012-02-16,HMS HOST RESTAURANT,12.09,cash,,False,,,False,,petty_cash_business_likely,cash method with non-specific vendor
217555,2012-02-16,PHIL'S RESTAURA,9.08,cash,,False,,,False,,petty_cash_business_likely,cash method with non-specific vendor
215040,2012-02-17,DOMO GAS,37.98,cash,,False,,,False,,petty_cash_business_likely,cash method with non-specific vendor
214068,2012-02-18,FLYING J,8.97,cash,,False,,,False,,petty_cash_business_likely,cash method with non-specific vendor
215088,2012-02-18,MR SUDS INC.,7.20,cash,,False,,,False,,petty_cash_business_likely,cash method with non-specific vendor
215089,2012-02-19,MR SUDS INC.,9.50,cash,,False,,,False,,petty_cash_business_likely,cash method with non-specific vendor
215144,2012-02-20,JUMBO,10.40,cash,,False,,,False,,petty_cash_business_likely,cash method with non-specific vendor
217170,2012-02-20,MR LUBE,210.00,cash,,False,,,False,,petty_cash_business_likely,cash method with non-specific vendor
217523,2012-02-20,KFC,8.39,cash,,False,,,False,,petty_cash_business_likely,cash method with non-specific vendor
215164,2012-02-21,SUPER CLEAN,8.00,cash,,False,,,False,,petty_cash_business_likely,cash method with non-specific vendor
215142,2012-02-22,JUMBO,8.00,cash,,False,,,False,,petty_cash_business_likely,cash method with non-specific vendor
217111,2012-02-22,PART SOURCE,10.45,cash,,False,,,False,,petty_cash_business_likely,cash method with non-specific vendor
214281,2012-02-24,REAL CAN SUPERSTORE,33.55,cash,,False,,,False,BANKING,petty_cash_business_likely,cash method with non-specific vendor
215087,2012-02-24,MR SUDS INC.,9.50,cash,,False,,,False,,petty_cash_business_likely,cash method with non-specific vendor
214069,2012-02-25,FLYING J,3.28,cash,,False,,,False,,petty_cash_business_likely,cash method with non-specific vendor
217321,2012-02-25,DOMO,31.00,cash,,False,,,False,,petty_cash_business_likely,cash method with non-specific vendor
217419,2012-02-25,REXALL,18.26,cash,,False,,,False,,petty_cash_business_likely,cash method with non-specific vendor
217571,2012-02-25,BOSTON PIZZA,17.75,cash,,False,,,False,,petty_cash_business_likely,cash method with non-specific vendor
215170,2012-02-26,SUPER CLEAN,9.35,cash,,False,,,False,,petty_cash_business_likely,cash method with non-specific vendor
215465,2012-02-28,FIBRENEW,1050.00,cash,,False,,,False,manual_2012_backfill,petty_cash_business_likely,cash method with non-specific vendor
221574,2012-03-01,FIBRENEW,1050.00,cash,,False,,,False,,petty_cash_business_likely,cash method with non-specific vendor
214876,2012-03-04,PRAIRIE OFFICE SUPPLIES,18.21,cash,,False,,,False,,petty_cash_business_likely,cash method with non-specific vendor
215058,2012-03-04,MR SUDS INC.,8.55,cash,,False,,,False,,petty_cash_business_likely,cash method with non-specific vendor
217214,2012-03-08,RED DEER ADVOCATE,108.57,cash,,False,,,False,,petty_cash_business_likely,cash method with non-specific vendor
217526,2012-03-12,GEORGE'S PIZZA,17.26,cash,,False,,,False,,petty_cash_business_likely,cash method with non-specific vendor
145309,2012-03-19,WCB,1126.80,cash,,False,,,False,,petty_cash_business_likely,cash method with non-specific vendor
217212,2012-03-21,EECOL ELECTRICAL CORP,15.04,cash,,False,,,False,,petty_cash_business_likely,cash method with non-specific vendor
214090,2012-03-24,COOP,8.39,cash,,False,,,False,,petty_cash_business_likely,cash method with non-specific vendor
214962,2012-03-25,MR SUDS INC.,15.20,cash,,False,,,False,,petty_cash_business_likely,cash method with non-specific vendor
173591,2012-03-26,CHUB RADIO,126.00,cash,,False,,,False,,petty_cash_business_likely,cash method with non-specific vendor
215084,2012-04-01,MR SUDS INC.,15.20,cash,,False,,,False,,petty_cash_business_likely,cash method with non-specific vendor
217325,2012-04-04,BURGER BOX,14.00,cash,,False,,,False,,petty_cash_business_likely,cash method with non-specific vendor
214070,2012-04-06,FLYING J,82.00,cash,,False,,,False,,petty_cash_business_likely,cash method with non-specific vendor
215085,2012-04-06,MR SUDS INC.,6.65,cash,,False,,,False,,petty_cash_business_likely,cash method with non-specific vendor
215081,2012-04-09,MR SUDS INC.,13.30,cash,,False,,,False,,petty_cash_business_likely,cash method with non-specific vendor
217163,2012-04-09,COOP,45.00,cash,,False,,,False,,petty_cash_business_likely,cash method with non-specific vendor
217164,2012-04-09,COOP,6.58,cash,,False,,,False,,petty_cash_business_likely,cash method with non-specific vendor
217165,2012-04-09,COOP,40.00,cash,,False,,,False,,petty_cash_business_likely,cash method with non-specific vendor
217167,2012-04-09,COOP,40.00,cash,,False,,,False,,petty_cash_business_likely,cash method with non-specific vendor
217166,2012-04-13,COOP,60.00,cash,,False,,,False,,petty_cash_business_likely,cash method with non-specific vendor
215083,2012-04-14,MR SUDS INC.,11.40,cash,,False,,,False,,petty_cash_business_likely,cash method with non-specific vendor
215140,2012-04-15,JUMBO,8.80,cash,,False,,,False,,petty_cash_business_likely,cash method with non-specific vendor
215183,2012-04-15,SUPER CLEAN,8.00,cash,,False,,,False,,petty_cash_business_likely,cash method with non-specific vendor
215778,2012-04-15,COOP HGC,99.99,cash,,False,,,False,,petty_cash_business_likely,cash method with non-specific vendor
215779,2012-04-15,COOP HGC,10.98,cash,,False,,,False,,petty_cash_business_likely,cash method with non-specific vendor
217162,2012-04-17,COOP,59.17,cash,,False,,,False,,petty_cash_business_likely,cash method with non-specific vendor
215080,2012-04-19,MR SUDS INC.,12.35,cash,,False,,,False,,petty_cash_business_likely,cash method with non-specific vendor
215188,2012-04-19,SQUEEKY KLEEN,7.00,cash,,False,,,False,,petty_cash_business_likely,cash method with non-specific vendor
215082,2012-04-21,MR SUDS INC.,15.20,cash,,False,,,False,,petty_cash_business_likely,cash method with non-specific vendor
215182,2012-04-21,SUPER CLEAN,5.00,cash,,False,,,False,,petty_cash_business_likely,cash method with non-specific vendor
217133,2012-04-25,SOBEYS,7.86,cash,,False,,,False,,petty_cash_business_likely,cash method with non-specific vendor
217238,2012-04-25,FESTIVAL FORD,46.97,cash,,False,,,False,,petty_cash_business_likely,cash method with non-specific vendor
215184,2012-04-26,SUPER CLEAN,8.50,cash,,False,,,False,,petty_cash_business_likely,cash method with non-specific vendor
217126,2012-04-26,REAL CANADIAN WHOLESALE CLUB,45.36,cash,,False,,,False,,petty_cash_business_likely,cash method with non-specific vendor
217127,2012-04-26,REAL CANADIAN WHOLESALE CLUB,7.58,cash,,False,,,False,,petty_cash_business_likely,cash method with non-specific vendor
217244,2012-04-26,SAFEWAY,148.34,cash,,False,,,False,,petty_cash_business_likely,cash method with non-specific vendor
217064,2012-04-27,SAVE ON FOODS,29.43,cash,,False,,,False,,petty_cash_business_likely,cash method with non-specific vendor
217236,2012-04-27,FUTURE SHOP,42.49,cash,,False,,,False,,petty_cash_business_likely,cash method with non-specific vendor
217237,2012-04-27,WESTERNER,5.25,cash,,False,,,False,,petty_cash_business_likely,cash method with non-specific vendor
215139,2012-04-28,JUMBO,25.00,cash,,False,,,False,,petty_cash_business_likely,cash method with non-specific vendor
217148,2012-04-28,SOBEYS,32.55,cash,,False,,,False,,petty_cash_business_likely,cash method with non-specific vendor
215093,2012-04-30,MR SUDS INC.,11.40,cash,,False,,,False,,petty_cash_business_likely,cash method with non-specific vendor
217484,2012-04-30,MR SUDS INC.,16.00,cash,,False,,,False,,petty_cash_business_likely,cash method with non-specific vendor
214951,2012-05-01,WOODYS RV  WORLD,92.35,cash,,False,,,False,,petty_cash_business_likely,cash method with non-specific vendor
214953,2012-05-01,THE KEY HOLE,28.50,cash,,False,,,False,,petty_cash_business_likely,cash method with non-specific vendor
215467,2012-05-01,FIBRENEW,1050.00,cash,,False,,,False,manual_2012_backfill,petty_cash_business_likely,cash method with non-specific vendor
217525,2012-05-01,PHIL'S RESTAURA,14.23,cash,,False,,,False,,petty_cash_business_likely,cash method with non-specific vendor
214965,2012-05-03,COPIES NOW,1.56,cash,,False,,,False,,petty_cash_business_likely,cash method with non-specific vendor
214966,2012-05-03,MR SUDS INC.,15.20,cash,,False,,,False,,petty_cash_business_likely,cash method with non-specific vendor
215180,2012-05-03,SUPER CLEAN,4.25,cash,,False,,,False,,petty_cash_business_likely,cash method with non-specific vendor
217501,2012-05-03,WENDY'S,10.27,cash,,False,,,False,,petty_cash_business_likely,cash method with non-specific vendor
214959,2012-05-04,COPIES NOW,8.38,cash,,False,,,False,,petty_cash_business_likely,cash method with non-specific vendor
215133,2012-05-04,MR SUDS INC.,4.75,cash,,False,,,False,,petty_cash_business_likely,cash method with non-specific vendor
217142,2012-05-04,SOBEYS,10.18,cash,,False,,,False,,petty_cash_business_likely,cash method with non-specific vendor
215124,2012-05-05,MR SUDS INC.,4.75,cash,,False,,,False,,petty_cash_business_likely,cash method with non-specific vendor
217511,2012-05-05,KFC,10.17,cash,,False,,,False,,petty_cash_business_likely,cash method with non-specific vendor
215157,2012-05-07,JUMBO,7.20,cash,,False,,,False,,petty_cash_business_likely,cash method with non-specific vendor
214947,2012-05-08,PRAIRIE OFFICE SUPPLIES,56.05,cash,,False,,,False,,petty_cash_business_likely,cash method with non-specific vendor
217360,2012-05-09,COOP,9.18,cash,,False,,,False,,petty_cash_business_likely,cash method with non-specific vendor
217500,2012-05-09,GRANDVEIW STAGE RESTAURANT,14.70,cash,,False,,,False,,petty_cash_business_likely,cash method with non-specific vendor
217115,2012-05-10,REAL CANADIAN WHOLESALE CLUB,77.48,cash,,False,,,False,,petty_cash_business_likely,cash method with non-specific vendor
215128,2012-05-11,MR SUDS INC.,10.45,cash,,False,,,False,,petty_cash_business_likely,cash method with non-specific vendor
215131,2012-05-11,MR SUDS INC.,16.15,cash,,False,,,False,,petty_cash_business_likely,cash method with non-specific vendor
215132,2012-05-11,MR SUDS INC.,11.40,cash,,False,,,False,,petty_cash_business_likely,cash method with non-specific vendor
217152,2012-05-11,7-ELEVEN,40.00,cash,,False,,,False,,petty_cash_business_likely,cash method with non-specific vendor
217197,2012-05-11,ALBERTA TRANSPORTATION,50.00,cash,,False,,,False,,petty_cash_business_likely,cash method with non-specific vendor
217516,2012-05-12,RED LOBSTER,24.94,cash,,False,,,False,,petty_cash_business_likely,cash method with non-specific vendor
214949,2012-05-14,COPIES NOW,8.98,cash,,False,,,False,,petty_cash_business_likely,cash method with non-specific vendor
215094,2012-05-15,MR SUDS INC.,4.75,cash,,False,,,False,,petty_cash_business_likely,cash method with non-specific vendor
215156,2012-05-15,JUMBO,5.00,cash,,False,,,False,,petty_cash_business_likely,cash method with non-specific vendor
217515,2012-05-15,BOSTON PIZZA,33.13,cash,,False,,,False,,petty_cash_business_likely,cash method with non-specific vendor
217544,2012-05-15,PHIL'S RESTAURA,30.19,cash,,False,,,False,,petty_cash_business_likely,cash method with non-specific vendor
215136,2012-05-16,MR SUDS INC.,12.35,cash,,False,,,False,,petty_cash_business_likely,cash method with non-specific vendor
217358,2012-05-16,BIGWAY FOODS,9.87,cash,,False,,,False,,petty_cash_business_likely,cash method with non-specific vendor
217364,2012-05-16,HUMPTYS,14.44,cash,,False,,,False,,petty_cash_business_likely,cash method with non-specific vendor
217521,2012-05-16,IRONWOOD STAGE,31.20,cash,,False,,,False,,petty_cash_business_likely,cash method with non-specific vendor
215125,2012-05-18,MR SUDS INC.,12.35,cash,,False,,,False,,petty_cash_business_likely,cash method with non-specific vendor
145291,2012-05-19,WCB,1126.80,cash,,False,,,False,,petty_cash_business_likely,cash method with non-specific vendor
214866,2012-05-19,NITN GASBAR INC,29.30,cash,,False,,,False,,petty_cash_business_likely,cash method with non-specific vendor
215126,2012-05-19,MR SUDS INC.,8.55,cash,,False,,,False,,petty_cash_business_likely,cash method with non-specific vendor
215127,2012-05-19,MR SUDS INC.,6.65,cash,,False,,,False,,petty_cash_business_likely,cash method with non-specific vendor
215766,2012-05-19,7-ELEVEN,9.57,cash,,False,,,False,,petty_cash_business_likely,cash method with non-specific vendor
217044,2012-05-20,STAPLES,25.00,cash,,False,,,False,,petty_cash_business_likely,cash method with non-specific vendor
215005,2012-05-22,PRAIRIE OFFICE SUPPLIES,10.04,cash,,False,,,False,,petty_cash_business_likely,cash method with non-specific vendor
217169,2012-05-22,IFS FINANCIAL,700.00,cash,,False,,,False,,petty_cash_business_likely,cash method with non-specific vendor
217114,2012-05-23,REAL CANADIAN WHOLESALE CLUB,65.32,cash,,False,,,False,,petty_cash_business_likely,cash method with non-specific vendor
217223,2012-05-23,TIFFANY COACHBUILDERS,500.00,cash,,False,,,False,,petty_cash_business_likely,cash method with non-specific vendor
217536,2012-05-23,WENDY'S,11.00,cash,,False,,,False,,petty_cash_business_likely,cash method with non-specific vendor
217539,2012-05-23,BOSTON PIZZA,13.00,cash,,False,,,False,,petty_cash_business_likely,cash method with non-specific vendor
214963,2012-05-24,CITY OF RED DEER,1.00,cash,,False,,,False,,petty_cash_business_likely,cash method with non-specific vendor
217574,2012-05-24,AGAJUTLA RESTAURANT,24.40,cash,,False,,,False,,petty_cash_business_likely,cash method with non-specific vendor
215060,2012-05-25,MR SUDS INC.,13.30,cash,,False,,,False,,petty_cash_business_likely,cash method with non-specific vendor
215061,2012-05-25,MR SUDS INC.,5.70,cash,,False,,,False,,petty_cash_business_likely,cash method with non-specific vendor
215187,2012-05-25,THE TURTLE CLUB TRUCK CAR WASH,8.51,cash,,False,,,False,,petty_cash_business_likely,cash method with non-specific vendor
217172,2012-05-25,TRIO,105.00,cash,,False,,,False,,petty_cash_business_likely,cash method with non-specific vendor
217177,2012-05-25,WESTERNER,5.25,cash,,False,,,False,,petty_cash_business_likely,cash method with non-specific vendor
217528,2012-05-25,PHIL'S RESTAURA,24.31,cash,,False,,,False,,petty_cash_business_likely,cash method with non-specific vendor
215059,2012-05-26,MR SUDS INC.,5.70,cash,,False,,,False,,petty_cash_business_likely,cash method with non-specific vendor
217146,2012-05-26,SOBEYS,14.26,cash,,False,,,False,,petty_cash_business_likely,cash method with non-specific vendor
217517,2012-05-26,SMITTYS,20.97,cash,,False,,,False,,petty_cash_business_likely,cash method with non-specific vendor
214871,2012-05-28,DOMO GAS,60.00,cash,,False,,,False,,petty_cash_business_likely,cash method with non-specific vendor
215172,2012-05-28,SUPER CLEAN,9.00,cash,,False,,,False,,petty_cash_business_likely,cash method with non-specific vendor
215270,2012-05-28,106.7 THE DRIVE,52.65,cash,,False,,,False,,petty_cash_business_likely,cash method with non-specific vendor
217565,2012-05-28,BOSTON PIZZA,18.69,cash,,False,,,False,,petty_cash_business_likely,cash method with non-specific vendor
217566,2012-05-28,BOSTON PIZZA,26.30,cash,,False,,,False,,petty_cash_business_likely,cash method with non-specific vendor
214869,2012-05-29,DOMO GAS,41.72,cash,,False,,,False,,petty_cash_business_likely,cash method with non-specific vendor
214872,2012-05-29,DOMO GAS,34.00,cash,,False,,,False,,petty_cash_business_likely,cash method with non-specific vendor
214873,2012-05-29,DOMO GAS,2.49,cash,,False,,,False,,petty_cash_business_likely,cash method with non-specific vendor
215272,2012-05-29,RUN'N ON EMPTY,32.00,cash,,False,,,False,,petty_cash_business_likely,cash method with non-specific vendor
217543,2012-05-29,MCDONALD'S,13.00,cash,,False,,,False,,petty_cash_business_likely,cash method with non-specific vendor
215123,2012-05-30,MR SUDS INC.,27.55,cash,,False,,,False,,petty_cash_business_likely,cash method with non-specific vendor
215134,2012-05-30,MR SUDS INC.,55.10,cash,,False,,,False,,petty_cash_business_likely,cash method with non-specific vendor
215135,2012-05-30,MR SUDS INC.,47.50,cash,,False,,,False,,petty_cash_business_likely,cash method with non-specific vendor
215137,2012-05-30,MR SUDS INC.,4.00,cash,,False,,,False,,petty_cash_business_likely,cash method with non-specific vendor
215158,2012-05-30,JUMBO,25.00,cash,,False,,,False,,petty_cash_business_likely,cash method with non-specific vendor
215159,2012-05-30,JUMBO,25.00,cash,,False,,,False,,petty_cash_business_likely,cash method with non-specific vendor
217039,2012-05-30,A BUCK OR TWO,56.70,cash,,False,,,False,,petty_cash_business_likely,cash method with non-specific vendor
217055,2012-05-30,BEST BUY,272.98,cash,,False,,,False,,petty_cash_business_likely,cash method with non-specific vendor
217079,2012-05-30,WALMART,89.46,cash,,False,,,False,,petty_cash_business_likely,cash method with non-specific vendor
217209,2012-05-30,BED BATH AND BEYOND,125.92,cash,,False,,,False,,petty_cash_business_likely,cash method with non-specific vendor
217510,2012-05-30,DRAGON CITY CAFE,63.30,cash,,False,,,False,,petty_cash_business_likely,cash method with non-specific vendor
217561,2012-05-30,TONY ROMAS,60.36,cash,,False,,,False,,petty_cash_business_likely,cash method with non-specific vendor
214960,2012-05-31,THE KEY HOLE,26.25,cash,,False,,,False,,petty_cash_business_likely,cash method with non-specific vendor
217227,2012-05-31,CITY OF RED DEER,40.00,cash,,False,,,False,,petty_cash_business_likely,cash method with non-specific vendor
217530,2012-05-31,PHIL'S RESTAURA,33.71,cash,,False,,,False,,petty_cash_business_likely,cash method with non-specific vendor
217540,2012-06-01,CHINA BEN,15.44,cash,,False,,,False,,petty_cash_business_likely,cash method with non-specific vendor
215175,2012-06-02,SUPER CLEAN,7.00,cash,,False,,,False,,petty_cash_business_likely,cash method with non-specific vendor
215769,2012-06-02,IGA,6.07,cash,,False,,,False,,petty_cash_business_likely,cash method with non-specific vendor
217181,2012-06-02,WESTERNER,5.25,cash,,False,,,False,,petty_cash_business_likely,cash method with non-specific vendor
217361,2012-06-02,BOSTON PIZZA,30.00,cash,,False,,,False,,petty_cash_business_likely,cash method with non-specific vendor
217538,2012-06-02,BOSTON PIZZA,16.33,cash,,False,,,False,,petty_cash_business_likely,cash method with non-specific vendor
217182,2012-06-03,FIELDS STORES,630.00,cash,,False,,,False,,petty_cash_business_likely,cash method with non-specific vendor
214968,2012-06-04,DOLLARAMA,19.95,cash,,False,,,False,,petty_cash_business_likely,cash method with non-specific vendor
215118,2012-06-04,MR SUDS INC.,13.30,cash,,False,,,False,,petty_cash_business_likely,cash method with non-specific vendor
215161,2012-06-04,THE TRUCK TOWN WASH,23.10,cash,,False,,,False,,petty_cash_business_likely,cash method with non-specific vendor
217073,2012-06-05,REAL CANADIAN SUPERSTORE,71.70,cash,,False,,,False,,petty_cash_business_likely,cash method with non-specific vendor
215119,2012-06-09,MR SUDS INC.,12.35,cash,,False,,,False,,petty_cash_business_likely,cash method with non-specific vendor
215120,2012-06-09,MR SUDS INC.,9.50,cash,,False,,,False,,petty_cash_business_likely,cash method with non-specific vendor
215151,2012-06-10,JUMBO,9.00,cash,,False,,,False,,petty_cash_business_likely,cash method with non-specific vendor
217058,2012-06-16,FUTURE SHOP,42.49,cash,,False,,,False,,petty_cash_business_likely,cash method with non-specific vendor
217122,2012-06-17,REAL CANADIAN WHOLESALE CLUB,8.99,cash,,False,,,False,,petty_cash_business_likely,cash method with non-specific vendor
217123,2012-06-17,REAL CANADIAN WHOLESALE CLUB,20.74,cash,,False,,,False,,petty_cash_business_likely,cash method with non-specific vendor
217249,2012-06-17,MOORES,149.99,cash,,False,,,False,,petty_cash_business_likely,cash method with non-specific vendor
217045,2012-06-18,STAPLES,52.45,cash,,False,,,False,,petty_cash_business_likely,cash method with non-specific vendor
214851,2012-06-19,PARTSOURCE,12.59,cash,,False,,,False,,petty_cash_business_likely,cash method with non-specific vendor
215148,2012-06-19,JUMBO,50.00,cash,,False,,,False,,petty_cash_business_likely,cash method with non-specific vendor
217135,2012-06-19,SOBEYS,54.14,cash,,False,,,False,,petty_cash_business_likely,cash method with non-specific vendor
214076,2012-06-20,FLYING J,500.00,cash,,False,,,False,,petty_cash_business_likely,cash method with non-specific vendor
215002,2012-06-20,BOAT MART,9.96,cash,,False,,,False,,petty_cash_business_likely,cash method with non-specific vendor
215152,2012-06-20,JUMBO,50.00,cash,,False,,,False,,petty_cash_business_likely,cash method with non-specific vendor
215154,2012-06-20,JUMBO,31.75,cash,,False,,,False,,petty_cash_business_likely,cash method with non-specific vendor
215761,2012-06-20,PEAVEY MART,20.15,cash,,False,,,False,,petty_cash_business_likely,cash method with non-specific vendor
215771,2012-06-20,A BUCK OR TWO,21.00,cash,,False,,,False,,petty_cash_business_likely,cash method with non-specific vendor
217037,2012-06-20,WALMART,58.96,cash,,False,,,False,,petty_cash_business_likely,cash method with non-specific vendor
217060,2012-06-20,FUTURE SHOP,89.21,cash,,False,,,False,,petty_cash_business_likely,cash method with non-specific vendor
217247,2012-06-20,MARK'S STORE #3,78.72,cash,,False,,,False,,petty_cash_business_likely,cash method with non-specific vendor
217506,2012-06-20,WENDY'S,9.11,cash,,False,,,False,,petty_cash_business_likely,cash method with non-specific vendor
145299,2012-06-22,WCB,11.51,cash,,False,,,False,,petty_cash_business_likely,cash method with non-specific vendor
215153,2012-06-22,JUMBO,50.00,cash,,False,,,False,,petty_cash_business_likely,cash method with non-specific vendor
215176,2012-06-23,SUPER CLEAN,13.10,cash,,False,,,False,,petty_cash_business_likely,cash method with non-specific vendor
217119,2012-06-23,REAL CANADIAN WHOLESALE CLUB,11.61,cash,,False,,,False,,petty_cash_business_likely,cash method with non-specific vendor
214067,2012-06-24,FLYING J,100.00,cash,,False,,,False,,petty_cash_business_likely,cash method with non-specific vendor
217504,2012-06-25,MONGOLIE GRILL,51.42,cash,,False,,,False,,petty_cash_business_likely,cash method with non-specific vendor
215096,2012-06-26,MR SUDS INC.,10.45,cash,,False,,,False,,petty_cash_business_likely,cash method with non-specific vendor
214937,2012-06-27,FLORAL EXPRESSIONS,30.00,cash,,False,,,False,,petty_cash_business_likely,cash method with non-specific vendor
215097,2012-06-27,MR SUDS INC.,10.45,cash,,False,,,False,,petty_cash_business_likely,cash method with non-specific vendor
215122,2012-06-27,MR SUDS INC.,11.40,cash,,False,,,False,,petty_cash_business_likely,cash method with non-specific vendor
217215,2012-06-27,RED DEER ADVOCATE,68.92,cash,,False,,,False,,petty_cash_business_likely,cash method with non-specific vendor
215147,2012-06-30,JUMBO,50.00,cash,,False,,,False,,petty_cash_business_likely,cash method with non-specific vendor
217120,2012-06-30,REAL CANADIAN WHOLESALE CLUB,19.99,cash,,False,,,False,,petty_cash_business_likely,cash method with non-specific vendor
215178,2012-07-02,SUPER CLEAN,20.00,cash,,False,,,False,,petty_cash_business_likely,cash method with non-specific vendor
215185,2012-07-02,SUPER CLEAN,9.00,cash,,False,,,False,,petty_cash_business_likely,cash method with non-specific vendor
215095,2012-07-05,MR SUDS INC.,9.50,cash,,False,,,False,,petty_cash_business_likely,cash method with non-specific vendor
217542,2012-07-05,RED LOBSTER,25.20,cash,,False,,,False,,petty_cash_business_likely,cash method with non-specific vendor
217547,2012-07-05,RICKYS,32.19,cash,,False,,,False,,petty_cash_business_likely,cash method with non-specific vendor
214079,2012-07-06,FLYING J,10.00,cash,,False,,,False,,petty_cash_business_likely,cash method with non-specific vendor
215130,2012-07-06,MR SUDS INC.,5.70,cash,,False,,,False,,petty_cash_business_likely,cash method with non-specific vendor
215706,2012-07-06,CHATEAU WINE AND SPIRITS,41.75,cash,,False,,,False,,petty_cash_business_likely,cash method with non-specific vendor
215129,2012-07-07,MR SUDS INC.,8.55,cash,,False,,,False,,petty_cash_business_likely,cash method with non-specific vendor
217145,2012-07-08,SOBEYS,48.95,cash,,False,,,False,,petty_cash_business_likely,cash method with non-specific vendor
215008,2012-07-09,THE KEY HOLE,62.50,cash,,False,,,False,,petty_cash_business_likely,cash method with non-specific vendor
217042,2012-07-09,STAPLES,25.00,cash,,False,,,False,,petty_cash_business_likely,cash method with non-specific vendor
217043,2012-07-09,STAPLES,205.65,cash,,False,,,False,,petty_cash_business_likely,cash method with non-specific vendor
217050,2012-07-09,PRAIRIE OFFICE SUPPLIES,27.60,cash,,False,,,False,,petty_cash_business_likely,cash method with non-specific vendor
217154,2012-07-10,MACS CONVENIENCE,50.00,cash,,False,,,False,,petty_cash_business_likely,cash method with non-specific vendor
217155,2012-07-10,MACS CONVENIENCE,11.96,cash,,False,,,False,,petty_cash_business_likely,cash method with non-specific vendor
215116,2012-07-11,MR SUDS INC.,5.70,cash,,False,,,False,,petty_cash_business_likely,cash method with non-specific vendor
217178,2012-07-11,CENTRATECH,9.73,cash,,False,,,False,,petty_cash_business_likely,cash method with non-specific vendor
215115,2012-07-12,MR SUDS INC.,10.45,cash,,False,,,False,,petty_cash_business_likely,cash method with non-specific vendor
215177,2012-07-12,SUPER CLEAN,22.00,cash,,False,,,False,,petty_cash_business_likely,cash method with non-specific vendor
217035,2012-07-12,RONA,12.85,cash,,False,,,False,,petty_cash_business_likely,cash method with non-specific vendor
217141,2012-07-12,SOBEYS,52.01,cash,,False,,,False,,petty_cash_business_likely,cash method with non-specific vendor
217324,2012-07-12,JOEYS,20.56,cash,,False,,,False,,petty_cash_business_likely,cash method with non-specific vendor
217533,2012-07-12,HMS HOST RESTAURANT,11.54,cash,,False,,,False,,petty_cash_business_likely,cash method with non-specific vendor
215764,2012-07-13,7-ELEVEN,6.38,cash,,False,,,False,,petty_cash_business_likely,cash method with non-specific vendor
217078,2012-07-13,WALMART,14.55,cash,,False,,,False,,petty_cash_business_likely,cash method with non-specific vendor
214077,2012-07-14,FLYING J,10.00,cash,,False,,,False,,petty_cash_business_likely,cash method with non-specific vendor
215724,2012-07-14,COOP HGC,33.21,cash,,False,,,False,,petty_cash_business_likely,cash method with non-specific vendor
217036,2012-07-14,HOME DEPOT,18.44,cash,,False,,,False,,petty_cash_business_likely,cash method with non-specific vendor
217074,2012-07-14,EXTRA FOODS,17.13,cash,,False,,,False,,petty_cash_business_likely,cash method with non-specific vendor
217527,2012-07-14,KFC,18.82,cash,,False,,,False,,petty_cash_business_likely,cash method with non-specific vendor
217529,2012-07-15,PHIL'S RESTAURA,46.45,cash,,False,,,False,,petty_cash_business_likely,cash method with non-specific vendor
217541,2012-07-15,MCDONALD'S,14.02,cash,,False,,,False,,petty_cash_business_likely,cash method with non-specific vendor
214874,2012-07-16,DOMO GAS,40.00,cash,,False,,,False,,petty_cash_business_likely,cash method with non-specific vendor
217180,2012-07-16,SUPER CLEAN,252.00,cash,,False,,,False,,petty_cash_business_likely,cash method with non-specific vendor
217514,2012-07-16,BOSTON PIZZA,15.40,cash,,False,,,False,,petty_cash_business_likely,cash method with non-specific vendor
217179,2012-07-17,SUPER CLEAN,150.00,cash,,False,,,False,,petty_cash_business_likely,cash method with non-specific vendor
215063,2012-07-18,MR SUDS INC.,19.00,cash,,False,,,False,,petty_cash_business_likely,cash method with non-specific vendor
217537,2012-07-18,MCDONALD'S,10.47,cash,,False,,,False,,petty_cash_business_likely,cash method with non-specific vendor
145310,2012-07-19,WCB,1126.80,cash,,False,,,False,,petty_cash_business_likely,cash method with non-specific vendor
217359,2012-07-20,MACS CONVENIENCE,5.98,cash,,False,,,False,,petty_cash_business_likely,cash method with non-specific vendor
214078,2012-07-21,FLYING J,4.04,cash,,False,,,False,,petty_cash_business_likely,cash method with non-specific vendor
215121,2012-07-21,MR SUDS INC.,14.25,cash,,False,,,False,,petty_cash_business_likely,cash method with non-specific vendor
217144,2012-07-21,SOBEYS,61.50,cash,,False,,,False,,petty_cash_business_likely,cash method with non-specific vendor
217363,2012-07-21,HAPPY TOGETHER FOOD,6.98,cash,,False,,,False,,petty_cash_business_likely,cash method with non-specific vendor
217551,2012-07-21,GEORGE'S PIZZA,21.46,cash,,False,,,False,,petty_cash_business_likely,cash method with non-specific vendor
215064,2012-07-22,MR SUDS INC.,10.45,cash,,False,,,False,,petty_cash_business_likely,cash method with non-specific vendor
214085,2012-07-27,FLYING J,4.55,cash,,False,,,False,,petty_cash_business_likely,cash method with non-specific vendor
215160,2012-07-27,THE TRUCK TOWN WASH,18.48,cash,,False,,,False,,petty_cash_business_likely,cash method with non-specific vendor
215162,2012-07-27,MR SUDS INC.,10.00,cash,,False,,,False,,petty_cash_business_likely,cash method with non-specific vendor
215163,2012-07-27,MR SUDS INC.,9.00,cash,,False,,,False,,petty_cash_business_likely,cash method with non-specific vendor
214941,2012-07-30,AURORA PREMIUM FINANCING,105.85,cash,,False,,,False,,petty_cash_business_likely,cash method with non-specific vendor
214967,2012-08-01,GEORGE'S PIZZA & STEAK,17.73,cash,,False,,,False,,petty_cash_business_likely,cash method with non-specific vendor
217191,2012-08-02,REALITY BYTES COMPUTERS INC,172.15,cash,,False,,,False,,petty_cash_business_likely,cash method with non-specific vendor
145290,2012-08-03,WCB,14.37,cash,,False,,,False,,petty_cash_business_likely,cash method with non-specific vendor
215687,2012-08-04,ALL ABOARD FINE WINE ANS SPIRITS,4.89,cash,,False,,,False,,petty_cash_business_likely,cash method with non-specific vendor
215688,2012-08-04,ALL ABOARD FINE WINE ANS SPIRITS,51.31,cash,,False,,,False,,petty_cash_business_likely,cash method with non-specific vendor
217113,2012-08-04,REAL CANADIAN WHOLESALE CLUB,7.34,cash,,False,,,False,,petty_cash_business_likely,cash method with non-specific vendor
217136,2012-08-04,SOBEYS,12.08,cash,,False,,,False,,petty_cash_business_likely,cash method with non-specific vendor
215234,2012-08-07,RUN'N ON EMPTY,31.01,cash,,False,,,False,,petty_cash_business_likely,cash method with non-specific vendor
214082,2012-08-08,CASH WITHDRAWAL,43.75,cash,,False,,,False,,petty_cash_business_likely,cash method with non-specific vendor
217518,2012-08-08,DENNYS,33.03,cash,,False,,,False,,petty_cash_business_likely,cash method with non-specific vendor
215165,2012-08-09,SUPER CLEAN,9.00,cash,,False,,,False,,petty_cash_business_likely,cash method with non-specific vendor
217048,2012-08-09,STAPLES,18.00,cash,,False,,,False,,petty_cash_business_likely,cash method with non-specific vendor
215099,2012-08-10,MR SUDS INC.,12.35,cash,,False,,,False,,petty_cash_business_likely,cash method with non-specific vendor
217193,2012-08-10,OFFICE PLUS,288.75,cash,,False,,,False,,petty_cash_business_likely,cash method with non-specific vendor
215238,2012-08-11,RUN'N ON EMPTY,39.00,cash,,False,,,False,,petty_cash_business_likely,cash method with non-specific vendor
217502,2012-08-12,BOSTON PIZZA,65.52,cash,,False,,,False,,petty_cash_business_likely,cash method with non-specific vendor
214936,2012-08-13,LOCKED SOLID,35.70,cash,,False,,,False,,petty_cash_business_likely,cash method with non-specific vendor
215243,2012-08-13,RUN'N ON EMPTY,65.01,cash,,False,,,False,,petty_cash_business_likely,cash method with non-specific vendor
214852,2012-08-14,PARTSOURCE,87.84,cash,,False,,,False,,petty_cash_business_likely,cash method with non-specific vendor
217054,2012-08-14,THE SOURCE,18.89,cash,,False,,,False,,petty_cash_business_likely,cash method with non-specific vendor
217413,2012-08-15,TOTEM,10.25,cash,,False,,,False,,petty_cash_business_likely,cash method with non-specific vendor
217192,2012-08-16,REALITY BYTES COMPUTERS INC,212.00,cash,,False,,,False,,petty_cash_business_likely,cash method with non-specific vendor
217573,2012-08-17,PHOENIX BUFFET,30.08,cash,,False,,,False,,petty_cash_business_likely,cash method with non-specific vendor
217053,2012-08-18,THE SOURCE,62.99,cash,,False,,,False,,petty_cash_business_likely,cash method with non-specific vendor
217080,2012-08-21,WALMART,53.53,cash,,False,,,False,,petty_cash_business_likely,cash method with non-specific vendor
215076,2012-08-24,MR SUDS INC.,7.60,cash,,False,,,False,,petty_cash_business_likely,cash method with non-specific vendor
215100,2012-08-24,MR SUDS INC.,22.80,cash,,False,,,False,,petty_cash_business_likely,cash method with non-specific vendor
215101,2012-08-24,MR SUDS INC.,12.35,cash,,False,,,False,,petty_cash_business_likely,cash method with non-specific vendor
215240,2012-08-24,RUN'N ON EMPTY,37.09,cash,,False,,,False,,petty_cash_business_likely,cash method with non-specific vendor
215767,2012-08-24,MACS CONVENIENCE,22.24,cash,,False,,,False,,petty_cash_business_likely,cash method with non-specific vendor
217246,2012-08-24,SAVE ON FOODS,26.09,cash,,False,,,False,,petty_cash_business_likely,cash method with non-specific vendor
215171,2012-08-25,SUPER CLEAN,9.00,cash,,False,,,False,,petty_cash_business_likely,cash method with non-specific vendor
215763,2012-08-25,7-ELEVEN,3.19,cash,,False,,,False,,petty_cash_business_likely,cash method with non-specific vendor
215098,2012-08-29,MR SUDS INC.,20.65,cash,,False,,,False,,petty_cash_business_likely,cash method with non-specific vendor
215166,2012-08-29,SUPER CLEAN,8.00,cash,,False,,,False,,petty_cash_business_likely,cash method with non-specific vendor
215235,2012-08-29,RUN'N ON EMPTY,70.00,cash,,False,,,False,,petty_cash_business_likely,cash method with non-specific vendor
215236,2012-08-29,RUN'N ON EMPTY,51.00,cash,,False,,,False,,petty_cash_business_likely,cash method with non-specific vendor
215237,2012-08-29,RUN'N ON EMPTY,35.50,cash,,False,,,False,,petty_cash_business_likely,cash method with non-specific vendor
215292,2012-08-29,RUN'N ON EMPTY,43.01,cash,,False,,,False,,petty_cash_business_likely,cash method with non-specific vendor
217059,2012-09-06,FUTURE SHOP,316.25,cash,,False,,,False,,petty_cash_business_likely,cash method with non-specific vendor
217062,2012-09-06,SAVE ON FOODS,35.58,cash,,False,,,False,,petty_cash_business_likely,cash method with non-specific vendor
215109,2012-09-07,MR SUDS INC.,8.55,cash,,False,,,False,,petty_cash_business_likely,cash method with non-specific vendor
217140,2012-09-07,SOBEYS,25.20,cash,,False,,,False,,petty_cash_business_likely,cash method with non-specific vendor
215256,2012-09-08,RUN'N ON EMPTY,35.00,cash,,False,,,False,,petty_cash_business_likely,cash method with non-specific vendor
215290,2012-09-08,RUN'N ON EMPTY,20.00,cash,,False,,,False,,petty_cash_business_likely,cash method with non-specific vendor
217548,2012-09-09,BOSTON PIZZA,24.00,cash,,False,,,False,,petty_cash_business_likely,cash method with non-specific vendor
214870,2012-09-10,DOMO GAS,30.00,cash,,False,,,False,,petty_cash_business_likely,cash method with non-specific vendor
215239,2012-09-10,RUN'N ON EMPTY,86.00,cash,,False,,,False,,petty_cash_business_likely,cash method with non-specific vendor
215242,2012-09-10,RUN'N ON EMPTY,75.50,cash,,False,,,False,,petty_cash_business_likely,cash method with non-specific vendor
217535,2012-09-10,BOSTON PIZZA,16.07,cash,,False,,,False,,petty_cash_business_likely,cash method with non-specific vendor
217041,2012-09-11,STAPLES,95.34,cash,,False,,,False,,petty_cash_business_likely,cash method with non-specific vendor
215762,2012-09-13,PEAVEY MART,15.74,cash,,False,,,False,,petty_cash_business_likely,cash method with non-specific vendor
215106,2012-09-15,MR SUDS INC.,12.35,cash,,False,,,False,,petty_cash_business_likely,cash method with non-specific vendor
215107,2012-09-15,MR SUDS INC.,10.45,cash,,False,,,False,,petty_cash_business_likely,cash method with non-specific vendor
215246,2012-09-15,RUN'N ON EMPTY,78.00,cash,,False,,,False,,petty_cash_business_likely,cash method with non-specific vendor
215772,2012-09-15,MACS CONVENIENCE,5.98,cash,,False,,,False,,petty_cash_business_likely,cash method with non-specific vendor
217116,2012-09-15,REAL CANADIAN WHOLESALE CLUB,3.67,cash,,False,,,False,,petty_cash_business_likely,cash method with non-specific vendor
217558,2012-09-15,WOK BOX,16.09,cash,,False,,,False,,petty_cash_business_likely,cash method with non-specific vendor
215245,2012-09-16,RUN'N ON EMPTY,50.00,cash,,False,,,False,,petty_cash_business_likely,cash method with non-specific vendor
217326,2012-09-16,STARBUCKS,10.59,cash,,False,,,False,,petty_cash_business_likely,cash method with non-specific vendor
215169,2012-09-17,SUPER CLEAN,10.00,cash,,False,,,False,,petty_cash_business_likely,cash method with non-specific vendor
217072,2012-09-17,REAL CANADIAN SUPERSTORE,21.52,cash,,False,,,False,,petty_cash_business_likely,cash method with non-specific vendor
217168,2012-09-17,CASEYS NORTH BAY,44.03,cash,,False,,,False,,petty_cash_business_likely,cash method with non-specific vendor
214867,2012-09-18,FORMULA 21 GASOLINE,145.00,cash,,False,,,False,,petty_cash_business_likely,cash method with non-specific vendor
217568,2012-09-18,MR SUDS INC.,21.85,cash,,False,,,False,,petty_cash_business_likely,cash method with non-specific vendor
185193,2012-09-19,SAFEWAY,30.19,cash,,False,,,False,,petty_cash_business_likely,cash method with non-specific vendor
214081,2012-09-19,FLYING J,10.00,cash,,False,,,False,,petty_cash_business_likely,cash method with non-specific vendor
215105,2012-09-19,MR SUDS INC.,16.15,cash,,False,,,False,,petty_cash_business_likely,cash method with non-specific vendor
217159,2012-09-19,COOP,120.50,cash,,False,,,False,,petty_cash_business_likely,cash method with non-specific vendor
217160,2012-09-19,COOP,21.66,cash,,False,,,False,,petty_cash_business_likely,cash method with non-specific vendor
217560,2012-09-19,ASIAN KITCHEN,10.80,cash,,False,,,False,,petty_cash_business_likely,cash method with non-specific vendor
217412,2012-09-21,pacini calgary,15.63,cash,,False,,,False,,petty_cash_business_likely,cash method with non-specific vendor
217554,2012-09-21,DENNYS,50.21,cash,,False,,,False,,petty_cash_business_likely,cash method with non-specific vendor
215103,2012-09-22,MR SUDS INC.,14.25,cash,,False,,,False,,petty_cash_business_likely,cash method with non-specific vendor
215104,2012-09-22,MR SUDS INC.,6.65,cash,,False,,,False,,petty_cash_business_likely,cash method with non-specific vendor
215108,2012-09-22,MR SUDS INC.,8.55,cash,,False,,,False,,petty_cash_business_likely,cash method with non-specific vendor
215241,2012-09-22,RUN'N ON EMPTY,200.00,cash,,False,,,False,,petty_cash_business_likely,cash method with non-specific vendor
217052,2012-09-22,THE SOURCE,69.27,cash,,False,,,False,,petty_cash_business_likely,cash method with non-specific vendor
217147,2012-09-22,SOBEYS,41.15,cash,,False,,,False,,petty_cash_business_likely,cash method with non-specific vendor
217151,2012-09-22,7-ELEVEN,62.00,cash,,False,,,False,,petty_cash_business_likely,cash method with non-specific vendor
217508,2012-09-22,A&W,14.49,cash,,False,,,False,,petty_cash_business_likely,cash method with non-specific vendor
217559,2012-09-22,ASIAN KITCHEN,10.80,cash,,False,,,False,,petty_cash_business_likely,cash method with non-specific vendor
215248,2012-09-23,RUN'N ON EMPTY,60.00,cash,,False,,,False,,petty_cash_business_likely,cash method with non-specific vendor
217057,2012-09-26,THE SOURCE,37.30,cash,,False,,,False,,petty_cash_business_likely,cash method with non-specific vendor
217569,2012-09-26,SUSHI SUSHI,33.78,cash,,False,,,False,,petty_cash_business_likely,cash method with non-specific vendor
214938,2012-09-27,BANFF NATIONAL PARK,19.60,cash,,False,,,False,,petty_cash_business_likely,cash method with non-specific vendor
217194,2012-09-27,PUROLATOR,5.79,cash,,False,,,False,,petty_cash_business_likely,cash method with non-specific vendor
214066,2012-09-28,COOP,22.30,cash,,False,,,False,,petty_cash_business_likely,cash method with non-specific vendor
215102,2012-09-28,MR SUDS INC.,7.60,cash,,False,,,False,,petty_cash_business_likely,cash method with non-specific vendor
215698,2012-09-28,HIGHLANDER WINE AND SPRIRITS,27.45,cash,,False,,,False,,petty_cash_business_likely,cash method with non-specific vendor
215770,2012-09-29,A BUCK OR TWO,75.60,cash,,False,,,False,,petty_cash_business_likely,cash method with non-specific vendor
215179,2012-10-01,SUPER CLEAN,10.00,cash,,False,,,False,,petty_cash_business_likely,cash method with non-specific vendor
215289,2012-10-01,RUN'N ON EMPTY,50.00,cash,,False,,,False,,petty_cash_business_likely,cash method with non-specific vendor
217083,2012-10-01,WALMART,5.82,cash,,False,,,False,,petty_cash_business_likely,cash method with non-specific vendor
217051,2012-10-02,PRAIRIE OFFICE SUPPLIES,9.63,cash,,False,,,False,,petty_cash_business_likely,cash method with non-specific vendor
217226,2012-10-02,RED DEER REGISTRIES,40.00,cash,,False,,,False,,petty_cash_business_likely,cash method with non-specific vendor
215066,2012-10-03,MR SUDS INC.,11.40,cash,,False,,,False,,petty_cash_business_likely,cash method with non-specific vendor
215288,2012-10-03,RUN'N ON EMPTY,60.00,cash,,False,,,False,,petty_cash_business_likely,cash method with non-specific vendor
215071,2012-10-04,MR SUDS INC.,18.05,cash,,False,,,False,,petty_cash_business_likely,cash method with non-specific vendor
215167,2012-10-04,SUPER CLEAN,8.00,cash,,False,,,False,,petty_cash_business_likely,cash method with non-specific vendor
215285,2012-10-05,RUN'N ON EMPTY,35.00,cash,,False,,,False,,petty_cash_business_likely,cash method with non-specific vendor
215065,2012-10-06,MR SUDS INC.,4.80,cash,,False,,,False,,petty_cash_business_likely,cash method with non-specific vendor
215283,2012-10-06,RUN'N ON EMPTY,100.57,cash,,False,,,False,,petty_cash_business_likely,cash method with non-specific vendor
215168,2012-10-08,SUPER CLEAN,6.00,cash,,False,,,False,,petty_cash_business_likely,cash method with non-specific vendor
215282,2012-10-09,RUN'N ON EMPTY,58.00,cash,,False,,,False,,petty_cash_business_likely,cash method with non-specific vendor
217049,2012-10-10,LOCKED SOLID,43.47,cash,,False,,,False,,petty_cash_business_likely,cash method with non-specific vendor
214039,2012-10-12,UNREADABLE RECEIPT,5.98,cash,,False,,,False,,petty_cash_business_likely,cash method with non-specific vendor
214996,2012-10-12,UNREADABLE,20.01,cash,,False,,,False,,petty_cash_business_likely,cash method with non-specific vendor
215072,2012-10-12,MR SUDS INC.,9.60,cash,,False,,,False,,petty_cash_business_likely,cash method with non-specific vendor
215280,2012-10-12,RUN'N ON EMPTY,40.00,cash,,False,,,False,,petty_cash_business_likely,cash method with non-specific vendor
217373,2012-10-12,MONGOLIE GRILL,56.63,cash,,False,,,False,,petty_cash_business_likely,cash method with non-specific vendor
215278,2012-10-13,RUN'N ON EMPTY,182.92,cash,,False,,,False,,petty_cash_business_likely,cash method with non-specific vendor
215279,2012-10-13,RUN'N ON EMPTY,6.00,cash,,False,,,False,,petty_cash_business_likely,cash method with non-specific vendor
217370,2012-10-13,MR MIKES,47.71,cash,,False,,,False,,petty_cash_business_likely,cash method with non-specific vendor
217367,2012-10-15,MR MIKES,23.07,cash,,False,,,False,,petty_cash_business_likely,cash method with non-specific vendor
217374,2012-10-15,GEORGE'S PIZZA,26.12,cash,,False,,,False,,petty_cash_business_likely,cash method with non-specific vendor
215070,2012-10-16,MR SUDS INC.,2.50,cash,,False,,,False,,petty_cash_business_likely,cash method with non-specific vendor
214850,2012-10-17,THE KEY HOLE,55.65,cash,,False,,,False,,petty_cash_business_likely,cash method with non-specific vendor
214961,2012-10-17,PRAIRIE OFFICE SUPPLIES,9.42,cash,,False,,,False,,petty_cash_business_likely,cash method with non-specific vendor
215073,2012-10-17,MR SUDS INC.,7.60,cash,,False,,,False,,petty_cash_business_likely,cash method with non-specific vendor
217206,2012-10-17,JEVCO INSURANCE,37.86,cash,,False,,,False,,petty_cash_business_likely,cash method with non-specific vendor
214838,2012-10-18,FINNING,343.28,cash,,False,,,False,,petty_cash_business_likely,cash method with non-specific vendor
217577,2012-10-18,LITTLE CAESARS,16.89,cash,,False,,,False,,petty_cash_business_likely,cash method with non-specific vendor
214835,2012-10-19,KINDOPPS,39.86,cash,,False,,,False,,petty_cash_business_likely,cash method with non-specific vendor
214836,2012-10-19,WINDSHIELD SURGEONS,20.00,cash,,False,,,False,,petty_cash_business_likely,cash method with non-specific vendor
214837,2012-10-19,WINDSHIELD SURGEONS,42.00,cash,,False,,,False,,petty_cash_business_likely,cash method with non-specific vendor
215068,2012-10-20,MR SUDS INC.,6.65,cash,,False,,,False,,petty_cash_business_likely,cash method with non-specific vendor
215069,2012-10-20,MR SUDS INC.,7.60,cash,,False,,,False,,petty_cash_business_likely,cash method with non-specific vendor
217061,2012-10-20,SAVE ON FOODS,42.12,cash,,False,,,False,,petty_cash_business_likely,cash method with non-specific vendor
217134,2012-10-20,SOBEYS,26.67,cash,,False,,,False,,petty_cash_business_likely,cash method with non-specific vendor
217138,2012-10-20,SOBEYS,5.89,cash,,False,,,False,,petty_cash_business_likely,cash method with non-specific vendor
217228,2012-10-20,NOFRILLS,55.00,cash,,False,,,False,,petty_cash_business_likely,cash method with non-specific vendor
217369,2012-10-20,HOOTERS,23.08,cash,,False,,,False,,petty_cash_business_likely,cash method with non-specific vendor
217507,2012-10-20,MONGOLIE GRILL,10.89,cash,,False,,,False,,petty_cash_business_likely,cash method with non-specific vendor
215067,2012-10-21,MR SUDS INC.,11.40,cash,,False,,,False,,petty_cash_business_likely,cash method with non-specific vendor
217532,2012-10-23,WOK BOX,10.49,cash,,False,,,False,,petty_cash_business_likely,cash method with non-specific vendor
215759,2012-10-24,PEAVEY MART,13.36,cash,,False,,,False,,petty_cash_business_likely,cash method with non-specific vendor
217082,2012-10-24,WALMART,38.35,cash,,False,,,False,,petty_cash_business_likely,cash method with non-specific vendor
217372,2012-10-25,MCDONALD'S,11.77,cash,,False,,,False,,petty_cash_business_likely,cash method with non-specific vendor
145306,2012-10-26,WCB,12.82,cash,,False,,,False,,petty_cash_business_likely,cash method with non-specific vendor
214074,2012-10-26,FLYING J,42.00,cash,,False,,,False,,petty_cash_business_likely,cash method with non-specific vendor
214075,2012-10-26,FLYING J,6.09,cash,,False,,,False,,petty_cash_business_likely,cash method with non-specific vendor
215276,2012-10-26,RUN'N ON EMPTY,40.00,cash,,False,,,False,,petty_cash_business_likely,cash method with non-specific vendor
217038,2012-10-27,A BUCK OR TWO,14.18,cash,,False,,,False,,petty_cash_business_likely,cash method with non-specific vendor
215275,2012-10-28,RUN'N ON EMPTY,50.00,cash,,False,,,False,,petty_cash_business_likely,cash method with non-specific vendor
215074,2012-10-29,MR SUDS INC.,5.60,cash,,False,,,False,,petty_cash_business_likely,cash method with non-specific vendor
215138,2012-10-29,JUMBO,6.40,cash,,False,,,False,,petty_cash_business_likely,cash method with non-specific vendor
214833,2012-10-30,NYMANS ARTMARKS,211.58,cash,,False,,,False,,petty_cash_business_likely,cash method with non-specific vendor
217368,2012-10-30,JOEYS,59.85,cash,,False,,,False,,petty_cash_business_likely,cash method with non-specific vendor
215469,2012-10-31,FIBRENEW,183.84,cash,,False,,,False,manual_2012_backfill,petty_cash_business_likely,cash method with non-specific vendor
217371,2012-10-31,MCDONALD'S,12.46,cash,,False,,,False,,petty_cash_business_likely,cash method with non-specific vendor
215117,2012-11-01,MR SUDS INC.,10.40,cash,,False,,,False,,petty_cash_business_likely,cash method with non-specific vendor
215255,2012-11-01,RUN'N ON EMPTY,20.00,cash,,False,,,False,,petty_cash_business_likely,cash method with non-specific vendor
215174,2012-11-02,SUPER CLEAN,8.00,cash,,False,,,False,,petty_cash_business_likely,cash method with non-specific vendor
215253,2012-11-02,RUN'N ON EMPTY,44.94,cash,,False,,,False,,petty_cash_business_likely,cash method with non-specific vendor
215254,2012-11-02,RUN'N ON EMPTY,50.00,cash,,False,,,False,,petty_cash_business_likely,cash method with non-specific vendor
217196,2012-11-02,WINDSHIELD SURGEONS,47.20,cash,,False,,,False,,petty_cash_business_likely,cash method with non-specific vendor
217553,2012-11-02,SUNSHINE FAMILY REST,12.59,cash,,False,,,False,,petty_cash_business_likely,cash method with non-specific vendor
215110,2012-11-03,MR SUDS INC.,6.65,cash,,False,,,False,,petty_cash_business_likely,cash method with non-specific vendor
215768,2012-11-03,MACS CONVENIENCE,2.99,cash,,False,,,False,,petty_cash_business_likely,cash method with non-specific vendor
217195,2012-11-05,LACOMBE FORD,173.25,cash,,False,,,False,,petty_cash_business_likely,cash method with non-specific vendor
217550,2012-11-08,KFC,4.39,cash,,False,,,False,,petty_cash_business_likely,cash method with non-specific vendor
215258,2012-11-10,RUN'N ON EMPTY,75.65,cash,,False,,,False,,petty_cash_business_likely,cash method with non-specific vendor
215259,2012-11-10,RUN'N ON EMPTY,8.07,cash,,False,,,False,,petty_cash_business_likely,cash method with non-specific vendor
215150,2012-11-13,JUMBO,8.00,cash,,False,,,False,,petty_cash_business_likely,cash method with non-specific vendor
217552,2012-11-13,RED LOBSTER,27.28,cash,,False,,,False,,petty_cash_business_likely,cash method with non-specific vendor
215112,2012-11-14,MR SUDS INC.,13.30,cash,,False,,,False,,petty_cash_business_likely,cash method with non-specific vendor
215173,2012-11-14,SUPER CLEAN,8.00,cash,,False,,,False,,petty_cash_business_likely,cash method with non-specific vendor
215247,2012-11-14,RUN'N ON EMPTY,32.00,cash,,False,,,False,,petty_cash_business_likely,cash method with non-specific vendor
215113,2012-11-15,MR SUDS INC.,7.60,cash,,False,,,False,,petty_cash_business_likely,cash method with non-specific vendor
215249,2012-11-15,RUN'N ON EMPTY,40.00,cash,,False,,,False,,petty_cash_business_likely,cash method with non-specific vendor
215760,2012-11-15,RONA,27.28,cash,,False,,,False,,petty_cash_business_likely,cash method with non-specific vendor
217563,2012-11-15,TACO TIME,13.87,cash,,False,,,False,,petty_cash_business_likely,cash method with non-specific vendor
215111,2012-11-16,MR SUDS INC.,5.70,cash,,False,,,False,,petty_cash_business_likely,cash method with non-specific vendor
214080,2012-11-17,FLYING J,100.00,cash,,False,,,False,,petty_cash_business_likely,cash method with non-specific vendor
212353,2012-11-18,WELCOME WAGON,100.00,cash,,False,,,False,,petty_cash_business_likely,cash method with non-specific vendor
217207,2012-11-19,CITY OF RED DEER,40.00,cash,,False,,,False,,petty_cash_business_likely,cash method with non-specific vendor
215261,2012-11-20,RUN'N ON EMPTY,47.00,cash,,False,,,False,,petty_cash_business_likely,cash method with non-specific vendor
217322,2012-11-20,RUN'N ON EMPTY,45.00,cash,,False,,,False,,petty_cash_business_likely,cash method with non-specific vendor
217549,2012-11-20,WENDY'S,7.84,cash,,False,,,False,,petty_cash_business_likely,cash method with non-specific vendor
215260,2012-11-21,RUN'N ON EMPTY,30.00,cash,,False,,,False,,petty_cash_business_likely,cash method with non-specific vendor
217410,2012-11-21,BOSTON PIZZA,21.49,cash,,False,,,False,,petty_cash_business_likely,cash method with non-specific vendor
217139,2012-11-24,SOBEYS,3.99,cash,,False,,,False,,petty_cash_business_likely,cash method with non-specific vendor
215149,2012-11-25,JUMBO,6.40,cash,,False,,,False,,petty_cash_business_likely,cash method with non-specific vendor
217118,2012-11-25,REAL CANADIAN WHOLESALE CLUB,11.25,cash,,False,,,False,,petty_cash_business_likely,cash method with non-specific vendor
217411,2012-11-25,MR MIKES,49.82,cash,,False,,,False,,petty_cash_business_likely,cash method with non-specific vendor
215244,2012-11-26,RUN'N ON EMPTY,100.00,cash,,False,,,False,,petty_cash_business_likely,cash method with non-specific vendor
217509,2012-11-26,TONY ROMAS,80.33,cash,,False,,,False,,petty_cash_business_likely,cash method with non-specific vendor
215000,2012-11-27,BIANCA AMORS LIQUIDATION,6.30,cash,,False,,,False,,petty_cash_business_likely,cash method with non-specific vendor
215250,2012-11-27,RUN'N ON EMPTY,40.00,cash,,False,,,False,,petty_cash_business_likely,cash method with non-specific vendor
215252,2012-11-27,RUN'N ON EMPTY,38.01,cash,,False,,,False,,petty_cash_business_likely,cash method with non-specific vendor
217420,2012-11-27,ROGERS,22.04,cash,,False,,,False,,petty_cash_business_likely,cash method with non-specific vendor
217505,2012-11-27,TIKI MING RESTAURANT,9.85,cash,,False,,,False,,petty_cash_business_likely,cash method with non-specific vendor
214868,2012-11-29,DOMO GAS,30.10,cash,,False,,,False,,petty_cash_business_likely,cash method with non-specific vendor
217231,2012-11-29,7-ELEVEN,40.00,cash,,False,,,False,,petty_cash_business_likely,cash method with non-specific vendor
217503,2012-11-29,MONTANAS COOKHOUSE,27.27,cash,,False,,,False,,petty_cash_business_likely,cash method with non-specific vendor
217556,2012-11-29,BOSTON PIZZA,20.98,cash,,False,,,False,,petty_cash_business_likely,cash method with non-specific vendor
215251,2012-11-30,RUN'N ON EMPTY,50.01,cash,,False,,,False,,petty_cash_business_likely,cash method with non-specific vendor
215269,2012-12-01,RUN'N ON EMPTY,40.03,cash,,False,,,False,,petty_cash_business_likely,cash method with non-specific vendor
217576,2012-12-02,BONANNO PIZZA,14.00,cash,,False,,,False,,petty_cash_business_likely,cash method with non-specific vendor
214952,2012-12-06,WORD OF LIVE CHURCH,200.00,cash,,False,,,False,,petty_cash_business_likely,cash method with non-specific vendor
217421,2012-12-07,RUN'N ON EMPTY,37.29,cash,,False,,,False,,petty_cash_business_likely,cash method with non-specific vendor
217130,2012-12-08,SOBEYS,13.46,cash,,False,,,False,,petty_cash_business_likely,cash method with non-specific vendor
215265,2012-12-09,RUN'N ON EMPTY,20.00,cash,,False,,,False,,petty_cash_business_likely,cash method with non-specific vendor
217063,2012-12-10,SAVE ON FOODS,14.67,cash,,False,,,False,,petty_cash_business_likely,cash method with non-specific vendor
215075,2012-12-11,MR SUDS INC.,5.25,cash,,False,,,False,,petty_cash_business_likely,cash method with non-specific vendor
214956,2012-12-12,WILLIAMS STATIONARY,2.52,cash,,False,,,False,,petty_cash_business_likely,cash method with non-specific vendor
215079,2012-12-12,MR SUDS INC.,18.05,cash,,False,,,False,,petty_cash_business_likely,cash method with non-specific vendor
217546,2012-12-12,ARBYS,5.92,cash,,False,,,False,,petty_cash_business_likely,cash method with non-specific vendor
145311,2012-12-13,WCB,14.54,cash,,False,,,False,,petty_cash_business_likely,cash method with non-specific vendor
215266,2012-12-13,RUN'N ON EMPTY,40.00,cash,,False,,,False,,petty_cash_business_likely,cash method with non-specific vendor
215267,2012-12-13,RUN'N ON EMPTY,2.99,cash,,False,,,False,,petty_cash_business_likely,cash method with non-specific vendor
215776,2012-12-13,MACS CONVENIENCE,5.98,cash,,False,,,False,,petty_cash_business_likely,cash method with non-specific vendor
217531,2012-12-13,BONANNO PIZZA,38.75,cash,,False,,,False,,petty_cash_business_likely,cash method with non-specific vendor
215268,2012-12-14,RUN'N ON EMPTY,56.00,cash,,False,,,False,,petty_cash_business_likely,cash method with non-specific vendor
214970,2012-12-15,RUN'N ON EMPTY,75.00,cash,,False,,,False,,petty_cash_business_likely,cash method with non-specific vendor
215078,2012-12-15,MR SUDS INC.,8.00,cash,,False,,,False,,petty_cash_business_likely,cash method with non-specific vendor
215181,2012-12-15,SUPER CLEAN,7.00,cash,,False,,,False,,petty_cash_business_likely,cash method with non-specific vendor
217131,2012-12-15,SOBEYS,18.54,cash,,False,,,False,,petty_cash_business_likely,cash method with non-specific vendor
217161,2012-12-15,COOP,41.89,cash,,False,,,False,,petty_cash_business_likely,cash method with non-specific vendor
214943,2012-12-17,PRAIRIE OFFICE SUPPLIES,38.69,cash,,False,,,False,,petty_cash_business_likely,cash method with non-specific vendor
217069,2012-12-18,REAL CANADIAN SUPERSTORE,44.00,cash,,False,,,False,,petty_cash_business_likely,cash method with non-specific vendor
217070,2012-12-18,REAL CANADIAN SUPERSTORE,38.01,cash,,False,,,False,,petty_cash_business_likely,cash method with non-specific vendor
217132,2012-12-18,SOBEYS,17.76,cash,,False,,,False,,petty_cash_business_likely,cash method with non-specific vendor
214954,2012-12-20,LOCKED SOLID,21.00,cash,,False,,,False,,petty_cash_business_likely,cash method with non-specific vendor
215765,2012-12-20,MACS CONVENIENCE,8.38,cash,,False,,,False,,petty_cash_business_likely,cash method with non-specific vendor
215773,2012-12-20,MACS CONVENIENCE,1.88,cash,,False,,,False,,petty_cash_business_likely,cash method with non-specific vendor
217241,2012-12-20,CITY PARKING,6.00,cash,,False,,,False,,petty_cash_business_likely,cash method with non-specific vendor
217242,2012-12-20,CITY PARKING,6.00,cash,,False,,,False,,petty_cash_business_likely,cash method with non-specific vendor
215077,2012-12-21,MR SUDS INC.,4.75,cash,,False,,,False,,petty_cash_business_likely,cash method with non-specific vendor
215774,2012-12-21,MACS CONVENIENCE,5.98,cash,,False,,,False,,petty_cash_business_likely,cash method with non-specific vendor
217065,2012-12-21,SAVE ON FOODS,16.45,cash,,False,,,False,,petty_cash_business_likely,cash method with non-specific vendor
217362,2012-12-21,SWIGS & SWINE,17.50,cash,,False,,,False,,petty_cash_business_likely,cash method with non-specific vendor
173657,2012-12-22,RUN'N ON EMPTY,13.77,cash,,False,,,False,,petty_cash_business_likely,cash method with non-specific vendor
217522,2012-12-24,WOK BOX,24.50,cash,,False,,,False,,petty_cash_business_likely,cash method with non-specific vendor
217200,2012-12-28,JIFFY LUBE,71.27,cash,,False,,,False,,petty_cash_business_likely,cash method with non-specific vendor
215114,2012-12-29,MR SUDS INC.,7.20,cash,,False,,,False,,petty_cash_business_likely,cash method with non-specific vendor
217056,2012-12-29,THE SOURCE,52.46,cash,,False,,,False,,petty_cash_business_likely,cash method with non-specific vendor
217564,2012-12-29,MR MIKES,58.73,cash,,False,,,False,,petty_cash_business_likely,cash method with non-specific vendor
217077,2012-12-30,WALMART,10.47,cash,,False,,,False,,petty_cash_business_likely,cash method with non-specific vendor
217233,2012-12-30,106.7 THE DRIVE,644.65,cash,,False,,,False,,petty_cash_business_likely,cash method with non-specific vendor
215262,2012-12-31,RUN'N ON EMPTY,50.00,cash,,False,,,False,,petty_cash_business_likely,cash method with non-specific vendor
215263,2012-12-31,RUN'N ON EMPTY,10.30,cash,,False,,,False,,petty_cash_business_likely,cash method with non-specific vendor
215264,2012-12-31,RUN'N ON EMPTY,12.75,cash,,False,,,False,,petty_cash_business_likely,cash method with non-specific vendor
216931,2012-12-31,CIBC,35.00,cash,,False,,,False,banking_import_2012_bankfees,petty_cash_business_likely,cash method with non-specific vendor
215471,2013-03-05,FIBRENEW,1300.00,cash,,False,,,False,manual_2013_backfill,petty_cash_business_likely,cash method with non-specific vendor
214955,2013-03-31,MR SUDS INC.,8.00,cash,,False,,,False,,petty_cash_business_likely,cash method with non-specific vendor
145286,2014-02-28,FIBRENEW,473.09,cash,,False,,,False,,petty_cash_business_likely,cash method with non-specific vendor
215479,2014-06-30,FIBRENEW,2400.00,cash,,False,,,False,manual_2014_backfill,petty_cash_business_likely,cash method with non-specific vendor
215480,2014-09-03,FIBRENEW,2000.00,cash,,False,,,False,manual_2014_backfill,petty_cash_business_likely,cash method with non-specific vendor
215481,2014-09-25,FIBRENEW,1000.00,cash,,False,,,False,manual_2014_backfill,petty_cash_business_likely,cash method with non-specific vendor
217081,2014-09-26,WALMART,23.10,cash,,False,,,False,,petty_cash_business_likely,cash method with non-specific vendor
216827,2014-10-06,FIBRENEW,1000.00,CASH,,False,,,False,manual_2014_backfill,petty_cash_business_likely,cash method with non-specific vendor
215482,2014-10-21,FIBRENEW,2000.00,cash,,False,,,False,manual_2014_backfill,petty_cash_business_likely,cash method with non-specific vendor
216828,2014-12-22,FIBRENEW,2000.00,CASH,,False,,,False,manual_2014_backfill,petty_cash_business_likely,cash method with non-specific vendor
214945,2014-12-24,RED DEER SEWING CENTRE,600.00,cash,,False,,,False,,petty_cash_business_likely,cash method with non-specific vendor
216837,2015-01-06,FIBRENEW,1706.25,cash,,False,,,False,manual_2015_backfill,petty_cash_business_likely,cash method with non-specific vendor
216838,2015-01-06,FIBRENEW,141.30,cash,,False,,,False,manual_2015_backfill,petty_cash_business_likely,cash method with non-specific vendor
216830,2015-01-27,FIBRENEW,1700.00,CASH,,False,,,False,manual_2015_backfill,petty_cash_business_likely,cash method with non-specific vendor
216831,2015-04-20,FIBRENEW,1000.00,CASH,,False,,,False,manual_2015_backfill,petty_cash_business_likely,cash method with non-specific vendor
216832,2015-08-09,FIBRENEW,3000.00,CASH,,False,,,False,manual_2015_backfill,petty_cash_business_likely,cash method with non-specific vendor
216833,2015-10-26,FIBRENEW,2400.00,CASH,,False,,,False,manual_2015_backfill,petty_cash_business_likely,cash method with non-specific vendor
216834,2015-12-18,FIBRENEW,2700.00,CASH,,False,,,False,manual_2015_backfill,petty_cash_business_likely,cash method with non-specific vendor
