action,cp_id,payment_id,payment_key,client_name,amount,payment_date,payment_method,source,new_reserve,rule
review_only,24238,,,,231.00,2025-08-26,unknown,fix_script,,
review_only,24239,,,,21.00,2025-10-09,unknown,fix_script,,
review_only,24240,,,,848.10,2025-05-29,unknown,fix_script,,
review_only,24241,,,,177.18,2025-09-08,unknown,fix_script,,
review_only,24242,24909,,,280.00,2025-06-18,unknown,fix_script,,
review_only,24244,,,,205.00,2025-06-02,unknown,fix_script,,
review_only,24246,,,,880.50,2025-06-16,unknown,fix_script,,
review_only,24249,25063,,,468.00,2025-07-15,unknown,fix_script,,
review_only,24251,,,,730.00,2025-08-13,unknown,fix_script,,
review_only,24252,,,,1000.00,2025-10-10,unknown,fix_script,,
review_only,24253,,,,90.00,2025-08-22,unknown,fix_script,,
review_only,24255,,,,347.72,2025-05-07,unknown,fix_script,,
review_only,24257,24899,,,42.00,2025-06-16,unknown,fix_script,,
review_only,24258,,,,250.00,2025-10-01,unknown,fix_script,,
review_only,24261,,,,205.00,2025-09-03,unknown,fix_script,,
review_only,24263,,,,479.64,2025-06-27,unknown,fix_script,,
review_only,24266,,,,325.08,2025-07-04,unknown,fix_script,,
review_only,24268,24851,,,57.50,2025-06-06,unknown,fix_script,,
review_only,24269,,,,-243.60,2025-09-10,unknown,fix_script,,
review_only,24270,,,,306.00,2025-09-10,unknown,fix_script,,
review_only,24273,,,,500.00,2025-06-30,unknown,fix_script,,
review_only,24277,,,,205.00,2025-08-25,unknown,fix_script,,
review_only,24278,25029,,,66.15,2025-07-04,unknown,fix_script,,
review_only,24279,,,,270.00,2025-10-31,unknown,fix_script,,
review_only,24281,,,,75.00,2025-04-07,unknown,fix_script,,
review_only,24284,,,,491.20,2025-03-17,unknown,fix_script,,
review_only,24285,,,,745.06,2025-09-10,unknown,fix_script,,
review_only,24287,,,,250.00,2025-09-18,unknown,fix_script,,
review_only,24288,,,,788.69,2025-06-12,unknown,fix_script,,
review_only,24289,,,,100.00,2025-11-06,unknown,fix_script,,
review_only,24291,,,,902.35,2025-06-09,unknown,fix_script,,
review_only,24292,,,,250.00,2025-08-20,unknown,fix_script,,
review_only,24293,,,,205.00,2025-01-23,unknown,fix_script,,
review_only,24295,25008,,,157.50,2025-07-04,unknown,fix_script,,
review_only,24304,,,,500.00,2025-09-01,unknown,fix_script,,
review_only,24305,,,,200.00,2025-10-03,unknown,fix_script,,
review_only,24308,24848,,,626.80,2025-06-05,unknown,fix_script,,
review_only,24309,,,,8.40,2025-08-22,unknown,fix_script,,
review_only,24310,,,,258.75,2025-07-04,unknown,fix_script,,
review_only,24314,,,,373.00,2025-06-19,unknown,fix_script,,
review_only,24315,24880,,,82.50,2025-06-13,unknown,fix_script,,
review_only,24317,,,,25.00,2025-07-30,unknown,fix_script,,
review_only,24318,,,,453.86,2025-06-13,unknown,fix_script,,
review_only,24319,,,,529.37,2025-09-30,unknown,fix_script,,
review_only,24323,,,,150.00,2025-08-27,unknown,fix_script,,
review_only,24324,,,,857.71,2025-08-26,unknown,fix_script,,
review_only,24327,24951,,,234.94,2025-07-03,unknown,fix_script,,
review_only,24328,,,,205.00,2025-08-18,unknown,fix_script,,
review_only,24330,,,,8.00,2025-10-16,unknown,fix_script,,
review_only,24333,,,,75.00,2025-06-16,unknown,fix_script,,
review_only,24335,,,,205.00,2025-05-26,unknown,fix_script,,
review_only,24336,,,,630.00,2025-08-13,unknown,fix_script,,
review_only,24339,,,,300.00,2025-08-13,unknown,fix_script,,
review_only,24342,,,,886.83,2025-10-22,unknown,fix_script,,
review_only,24347,,,,468.00,2025-08-11,unknown,fix_script,,
review_only,24354,24924,,,358.32,2025-06-23,unknown,fix_script,,
review_only,24356,25082,,,250.00,2025-07-18,unknown,fix_script,,
review_only,24357,25003,,,337.75,2025-07-04,unknown,fix_script,,
review_only,24361,,,,175.00,2025-06-16,unknown,fix_script,,
review_only,24367,,,,938.19,2025-05-02,unknown,fix_script,,
review_only,24368,25065,,,580.16,2025-07-15,unknown,fix_script,,
review_only,24369,24945,,,199.50,2025-07-02,unknown,fix_script,,
review_only,24376,,,,250.00,2025-08-28,unknown,fix_script,,
review_only,24379,,,,120.00,2025-06-16,unknown,fix_script,,
review_only,24380,,,,245.88,2025-06-23,unknown,fix_script,,
review_only,24381,,,,500.00,2025-09-03,unknown,fix_script,,
review_only,24386,,,,690.10,2025-09-25,unknown,fix_script,,
review_only,24389,,,,75.00,2025-08-22,unknown,fix_script,,
review_only,24390,25076,,,210.00,2025-07-17,unknown,fix_script,,
review_only,24392,,,,661.50,2025-09-01,unknown,fix_script,,
review_only,24396,,,,300.00,2025-05-28,unknown,fix_script,,
review_only,24398,,,,75.00,2025-06-05,unknown,fix_script,,
review_only,24399,,,,220.00,2025-09-02,unknown,fix_script,,
review_only,24401,24910,,,250.00,2025-06-18,unknown,fix_script,,
review_only,24402,,,,858.00,2025-05-01,unknown,fix_script,,
review_only,24403,,,,933.96,2025-07-31,unknown,fix_script,,
review_only,24406,,,,405.21,2025-06-25,unknown,fix_script,,
review_only,24408,,,,330.00,2025-09-10,unknown,fix_script,,
review_only,24409,,,,450.00,2025-07-21,unknown,fix_script,,
review_only,24411,24847,,,181.53,2025-06-05,unknown,fix_script,,
review_only,24412,,,,500.00,2025-07-10,unknown,fix_script,,
review_only,24414,,,,30.00,2025-09-29,unknown,fix_script,,
review_only,24420,,,,175.00,2025-07-04,unknown,fix_script,,
review_only,24425,,,,192.00,2025-07-30,unknown,fix_script,,
review_only,24428,,,,791.50,2025-10-09,unknown,fix_script,,
review_only,24429,,,,68.04,2025-09-02,unknown,fix_script,,
review_only,24431,,,,205.00,2025-09-15,unknown,fix_script,,
review_only,24433,,,,99.22,2025-06-12,unknown,fix_script,,
review_only,24434,,,,205.00,2025-05-07,unknown,fix_script,,
review_only,24436,,,,45.94,2025-07-29,unknown,fix_script,,
review_only,24438,24944,,,105.00,2025-07-02,unknown,fix_script,,
review_only,24439,,,,300.00,2025-10-06,unknown,fix_script,,
review_only,24440,,,,1258.00,2025-11-06,unknown,fix_script,,
review_only,24442,,,,71.14,2025-05-15,unknown,fix_script,,
review_only,24443,,,,108.78,2025-07-04,unknown,fix_script,,
review_only,24447,,,,59.94,2025-06-30,unknown,fix_script,,
review_only,24448,,,,586.50,2025-06-04,unknown,fix_script,,
review_only,24449,,,,448.88,2025-06-18,unknown,fix_script,,
review_only,24450,25012,,,560.00,2025-07-04,unknown,fix_script,,
review_only,24453,,,,500.00,2025-06-16,unknown,fix_script,,
review_only,24454,,,,486.25,2025-10-02,unknown,fix_script,,
review_only,24457,,,,205.00,2025-05-08,unknown,fix_script,,
review_only,24459,,,,91.87,2025-06-30,unknown,fix_script,,
review_only,24460,,,,188.03,2025-06-04,unknown,fix_script,,
review_only,24461,,,,693.26,2025-05-30,unknown,fix_script,,
review_only,24462,,,,205.00,2025-10-03,unknown,fix_script,,
review_only,24463,,,,173.88,2025-07-03,unknown,fix_script,,
review_only,24465,,,,72.45,2025-05-23,unknown,fix_script,,
review_only,24469,,,,325.00,2025-08-13,unknown,fix_script,,
review_only,24470,25113,,,790.62,2025-07-25,unknown,fix_script,,
review_only,24474,,,,250.00,2025-05-23,unknown,fix_script,,
review_only,24475,,,,75.00,2025-08-22,unknown,fix_script,,
review_only,24476,,,,479.80,2025-09-22,unknown,fix_script,,
review_only,24477,,,,205.00,2025-05-21,unknown,fix_script,,
review_only,24478,,,,500.00,2025-10-06,unknown,fix_script,,
review_only,24480,,,,150.67,2025-09-09,unknown,fix_script,,
review_only,24482,,,,175.00,2025-04-30,unknown,fix_script,,
review_only,24484,,,,720.30,2025-05-26,unknown,fix_script,,
review_only,24485,,,,385.77,2025-09-17,unknown,fix_script,,
review_only,24488,,,,75.07,2025-04-01,unknown,fix_script,,
review_only,24489,25079,,,145.00,2025-07-18,unknown,fix_script,,
review_only,24490,,,,100.63,2025-05-28,unknown,fix_script,,
review_only,24491,,,,112.50,2025-08-19,unknown,fix_script,,
review_only,24492,24923,,,482.56,2025-06-23,unknown,fix_script,,
review_only,24494,25011,,,525.00,2025-07-04,unknown,fix_script,,
review_only,24496,,,,24.00,2025-08-13,unknown,fix_script,,
review_only,24497,,,,361.25,2025-10-21,unknown,fix_script,,
review_only,24498,,,,584.25,2025-10-15,unknown,fix_script,,
review_only,24499,25017,,,360.00,2025-07-04,unknown,fix_script,,
review_only,24500,,,,300.00,2025-10-27,unknown,fix_script,,
review_only,24501,,,,307.22,2025-09-22,unknown,fix_script,,
review_only,24503,,,,117.18,2025-08-08,unknown,fix_script,,
review_only,24504,,,,438.76,2025-10-08,unknown,fix_script,,
review_only,24508,,,,750.00,2025-07-04,unknown,fix_script,,
review_only,24513,25116,,,75.00,2025-07-28,unknown,fix_script,,
review_only,24514,,,,231.53,2025-05-29,unknown,fix_script,,
review_only,24515,,,,282.90,2025-10-06,unknown,fix_script,,
review_only,24516,25062,,,131.25,2025-07-15,unknown,fix_script,,
review_only,24518,25069,,,735.00,2025-07-16,unknown,fix_script,,
review_only,24519,,,,264.00,2025-08-15,unknown,fix_script,,
review_only,24520,,,,210.84,2025-07-30,unknown,fix_script,,
review_only,24523,,,,205.00,2025-09-02,unknown,fix_script,,
review_only,24524,,,,338.25,2025-07-08,unknown,fix_script,,
review_only,24525,,,,175.00,2025-06-15,unknown,fix_script,,
review_only,24530,,,,401.38,2025-03-28,unknown,fix_script,,
review_only,24531,25096,,,75.00,2025-07-22,unknown,fix_script,,
review_only,24534,24894,,,102.91,2025-06-16,unknown,fix_script,,
review_only,24535,,,,500.00,2025-10-03,unknown,fix_script,,
review_only,24538,,,,115.00,2025-10-10,unknown,fix_script,,
review_only,24539,,,,150.00,2025-10-08,unknown,fix_script,,
review_only,24541,,,,57.96,2025-06-24,unknown,fix_script,,
review_only,24543,,,,284.55,2025-06-25,unknown,fix_script,,
review_only,24544,,,,75.00,2025-06-02,unknown,fix_script,,
review_only,24548,,,,20.00,2025-09-03,unknown,fix_script,,
review_only,24550,,,,300.00,2025-06-27,unknown,fix_script,,
review_only,24551,,,,-500.00,2025-04-14,unknown,fix_script,,
review_only,24552,,,,205.00,2025-08-26,unknown,fix_script,,
review_only,24556,25110,,,800.00,2025-07-24,unknown,fix_script,,
review_only,24558,,,,250.00,2025-09-10,unknown,fix_script,,
review_only,24559,,,,75.00,2025-07-10,unknown,fix_script,,
review_only,24560,,,,175.00,2025-07-03,unknown,fix_script,,
review_only,24561,,,,512.00,2025-08-08,unknown,fix_script,,
review_only,24563,,,,920.85,2025-08-18,unknown,fix_script,,
review_only,24565,,,,976.26,2025-05-10,unknown,fix_script,,
review_only,24569,,,,1476.00,2025-10-06,unknown,fix_script,,
review_only,24571,,,,75.00,2025-06-12,unknown,fix_script,,
review_only,24572,25072,,,374.90,2025-07-17,unknown,fix_script,,
review_only,24576,25109,,,210.00,2025-07-24,unknown,fix_script,,
review_only,24578,,,,419.66,2025-09-10,unknown,fix_script,,
review_only,24579,25085,,,57.50,2025-07-18,unknown,fix_script,,
review_only,24580,,,,943.64,2025-06-13,unknown,fix_script,,
review_only,24583,,,,327.75,2025-11-05,unknown,fix_script,,
review_only,24584,,,,115.76,2025-05-28,unknown,fix_script,,
review_only,24585,,,,7.35,2025-05-28,unknown,fix_script,,
review_only,24586,24904,,,425.17,2025-06-18,unknown,fix_script,,
review_only,24593,25093,,,21.00,2025-07-22,unknown,fix_script,,
review_only,24596,,,,250.00,2025-06-04,unknown,fix_script,,
review_only,24597,,,,205.00,2025-09-29,unknown,fix_script,,
review_only,24598,,,,742.54,2025-08-13,unknown,fix_script,,
review_only,24618,,,,234.00,2025-03-24,unknown,fix_script,,
review_only,24620,,,,100.00,2025-10-15,unknown,fix_script,,
review_only,24621,,,,250.00,2025-05-02,unknown,fix_script,,
review_only,24624,,,,413.04,2025-09-17,unknown,fix_script,,
review_only,24626,24946,,,235.88,2025-07-02,unknown,fix_script,,
review_only,24628,,,,250.00,2025-08-16,unknown,fix_script,,
review_only,24629,,,,195.00,2025-06-18,unknown,fix_script,,
review_only,24631,,,,315.00,2025-08-13,unknown,fix_script,,
review_only,24632,,,,105.00,2025-09-17,unknown,fix_script,,
review_only,24635,,,,551.48,2025-05-09,unknown,fix_script,,
review_only,24636,25018,,,788.06,2025-07-04,unknown,fix_script,,
review_only,24638,,,,156.00,2025-07-28,unknown,fix_script,,
review_only,24641,,,,200.00,2025-06-12,unknown,fix_script,,
review_only,24644,,,,382.50,2025-09-22,unknown,fix_script,,
review_only,24645,,,,300.00,2025-10-22,unknown,fix_script,,
review_only,24646,,,,75.00,2025-03-21,unknown,fix_script,,
review_only,24647,,,,385.88,2025-08-25,unknown,fix_script,,
review_only,24648,,,,188.03,2025-02-03,unknown,fix_script,,
review_only,24651,,,,500.00,2025-09-29,unknown,fix_script,,
review_only,24652,,,,262.50,2025-09-02,unknown,fix_script,,
review_only,24653,,,,683.63,2025-11-03,unknown,fix_script,,
review_only,24654,,,,141.75,2025-08-25,unknown,fix_script,,
review_only,24659,,,,235.88,2025-07-31,unknown,fix_script,,
review_only,24660,,,,600.00,2025-11-04,unknown,fix_script,,
review_only,24661,,,,77.70,2025-05-16,unknown,fix_script,,
review_only,24662,,,,8.82,2025-09-15,unknown,fix_script,,
review_only,24663,,,,500.00,2025-10-03,unknown,fix_script,,
review_only,24664,,,,681.25,2025-09-17,unknown,fix_script,,
review_only,24665,,,,500.00,2025-09-17,unknown,fix_script,,
review_only,24668,,,,527.34,2025-09-10,unknown,fix_script,,
review_only,24673,,,,551.75,2025-10-06,unknown,fix_script,,
review_only,24676,,,,175.00,2025-08-01,unknown,fix_script,,
review_only,24677,,,,231.00,2025-09-16,unknown,fix_script,,
review_only,24678,,,,12.75,2025-08-20,unknown,fix_script,,
review_only,24680,25043,,,175.00,2025-07-10,unknown,fix_script,,
review_only,24684,25066,,,468.72,2025-07-15,unknown,fix_script,,
review_only,24685,24871,,,205.00,2025-06-12,unknown,fix_script,,
review_only,24690,,,,45.09,2025-06-06,unknown,fix_script,,
review_only,24693,,,,312.00,2025-10-14,unknown,fix_script,,
review_only,24698,25054,,,136.50,2025-07-11,unknown,fix_script,,
review_only,24699,,,,360.00,2025-11-03,unknown,fix_script,,
review_only,24701,,,,144.30,2025-05-08,unknown,fix_script,,
review_only,24702,,,,75.00,2025-08-20,unknown,fix_script,,
review_only,24706,,,,500.00,2025-09-15,unknown,fix_script,,
review_only,24708,,,,522.50,2025-05-01,unknown,fix_script,,
review_only,24710,25055,,,460.62,2025-07-11,unknown,fix_script,,
review_only,24711,25070,,,475.35,2025-07-16,unknown,fix_script,,
review_only,24715,,,,204.75,2025-09-01,unknown,fix_script,,
review_only,24720,25099,,,200.00,2025-07-22,unknown,fix_script,,
review_only,24721,25091,,,85.00,2025-07-22,unknown,fix_script,,
review_only,24722,,,,780.00,2025-09-02,unknown,fix_script,,
review_only,24725,,,,758.74,2025-09-09,unknown,fix_script,,
review_only,24726,,,,262.50,2025-09-12,unknown,fix_script,,
review_only,24728,,,,304.43,2025-11-03,unknown,fix_script,,
review_only,24729,,,,456.57,2025-05-15,unknown,fix_script,,
review_only,24730,,,,540.00,2025-09-10,unknown,fix_script,,
review_only,24731,24876,,,385.88,2025-06-12,unknown,fix_script,,
review_only,24732,25022,,,379.50,2025-07-04,unknown,fix_script,,
review_only,24733,,,,970.85,2025-09-30,unknown,fix_script,,
review_only,24734,25045,,,150.00,2025-07-10,unknown,fix_script,,
review_only,24735,,,,587.50,2025-09-02,unknown,fix_script,,
review_only,24737,,,,126.00,2025-09-17,unknown,fix_script,,
review_only,24740,,,,575.00,2025-05-22,unknown,fix_script,,
review_only,24741,,,,105.00,2025-09-17,unknown,fix_script,,
review_only,24742,,,,175.00,2025-07-18,unknown,fix_script,,
review_only,24743,,,,315.00,2025-08-20,unknown,fix_script,,
review_only,24747,,,,250.00,2025-06-09,unknown,fix_script,,
review_only,24749,24955,,,175.00,2025-07-03,unknown,fix_script,,
review_only,24750,,,,1722.00,2025-10-27,unknown,fix_script,,
review_only,24754,,,,948.30,2025-11-02,unknown,fix_script,,
review_only,24756,,,,175.00,2025-09-03,unknown,fix_script,,
review_only,24757,,,,55.45,2025-09-29,unknown,fix_script,,
review_only,24758,25098,,,780.00,2025-07-22,unknown,fix_script,,
review_only,24759,,,,617.80,2025-06-10,unknown,fix_script,,
review_only,24760,,,,300.00,2025-06-03,unknown,fix_script,,
review_only,24762,,,,330.00,2025-07-25,unknown,fix_script,,
review_only,24771,,,,150.00,2025-08-22,unknown,fix_script,,
review_only,24772,,,,67.62,2025-05-14,unknown,fix_script,,
review_only,24774,,,,250.00,2025-08-12,unknown,fix_script,,
review_only,24775,,,,500.00,2025-09-22,unknown,fix_script,,
review_only,24776,,,,826.00,2025-08-28,unknown,fix_script,,
review_only,24778,25092,,,120.00,2025-07-22,unknown,fix_script,,
review_only,24781,,,,409.50,2025-07-29,unknown,fix_script,,
review_only,24782,,,,500.00,2025-07-24,unknown,fix_script,,
review_only,24783,,,,250.00,2025-06-18,unknown,fix_script,,
review_only,24786,,,,650.00,2025-08-15,unknown,fix_script,,
review_only,24787,,,,205.00,2025-10-03,unknown,fix_script,,
review_only,24788,,,,94.19,2025-05-07,unknown,fix_script,,
review_only,24789,,,,205.00,2025-10-09,unknown,fix_script,,
review_only,24790,,,,323.26,2025-08-15,unknown,fix_script,,
review_only,24792,,,,1.00,2025-08-13,unknown,fix_script,,
review_only,24793,25083,,,250.00,2025-07-18,unknown,fix_script,,
review_only,24794,,,,386.24,2025-06-16,unknown,fix_script,,
review_only,24795,,,,300.00,2025-10-08,unknown,fix_script,,
review_only,24796,,,,258.50,2024-12-30,unknown,fix_script,,
review_only,24799,,,,767.74,2025-08-25,unknown,fix_script,,
review_only,24801,24875,,,852.27,2025-06-12,unknown,fix_script,,
review_only,24802,,,,264.00,2025-09-03,unknown,fix_script,,
review_only,24803,25039,,,117.00,2025-07-09,unknown,fix_script,,
review_only,24804,25051,,,231.00,2025-07-11,unknown,fix_script,,
review_only,24805,,,,630.01,2025-08-11,unknown,fix_script,,
review_only,24806,,,,180.00,2025-08-13,unknown,fix_script,,
review_only,24807,25030,,,367.05,2025-07-06,unknown,fix_script,,
review_only,24808,25103,,,187.50,2025-07-23,unknown,fix_script,,
review_only,24809,,,,353.12,2025-09-09,unknown,fix_script,,
review_only,24811,25056,,,702.00,2025-07-11,unknown,fix_script,,
review_only,24812,,,,-205.00,2025-10-09,unknown,fix_script,,
review_only,24814,,,,227.50,2025-08-07,unknown,fix_script,,
review_only,24816,,,,569.52,2025-08-18,unknown,fix_script,,
review_only,24818,,,,407.50,2025-09-26,unknown,fix_script,,
review_only,24822,24919,,,415.62,2025-06-23,unknown,fix_script,,
review_only,24823,25036,,,156.00,2025-07-14,unknown,fix_script,,
review_only,24825,,,,42.00,2025-08-05,unknown,fix_script,,
review_only,24827,,,,622.48,2025-05-13,unknown,fix_script,,
review_only,24832,25075,,,250.00,2025-07-17,unknown,fix_script,,
review_only,24833,25049,,,157.50,2025-07-11,unknown,fix_script,,
review_only,24834,,,,75.00,2025-05-15,unknown,fix_script,,
review_only,24835,,,,230.30,2025-07-31,unknown,fix_script,,
review_only,24836,,,,205.00,2025-05-02,unknown,fix_script,,
review_only,24838,,,,178.68,2025-09-17,unknown,fix_script,,
review_only,24841,,,,231.00,2025-10-08,unknown,fix_script,,
review_only,24842,,,,250.00,2025-05-16,unknown,fix_script,,
review_only,24843,,,,205.00,2025-09-17,unknown,fix_script,,
review_only,24849,,,,6.80,2025-06-18,unknown,fix_script,,
review_only,24850,,,,228.00,2025-10-06,unknown,fix_script,,
review_only,24851,,,,500.00,2025-09-15,unknown,fix_script,,
review_only,24853,,,,356.25,2025-09-17,unknown,fix_script,,
review_only,24854,,,,255.50,2025-03-07,unknown,fix_script,,
review_only,24855,25101,,,225.00,2025-07-22,unknown,fix_script,,
review_only,24856,,,,75.00,2025-06-13,unknown,fix_script,,
review_only,24858,,,,231.53,2025-06-16,unknown,fix_script,,
review_only,24862,,,,156.53,2025-02-03,unknown,fix_script,,
review_only,24863,25074,,,250.00,2025-07-17,unknown,fix_script,,
review_only,24866,,,,660.00,2025-10-03,unknown,fix_script,,
review_only,24867,,,,250.00,2025-09-05,unknown,fix_script,,
review_only,24870,,,,71.88,2025-09-26,unknown,fix_script,,
review_only,24873,,,,915.75,2025-08-11,unknown,fix_script,,
review_only,24874,,,,118.44,2025-08-13,unknown,fix_script,,
review_only,24875,,,,175.00,2025-09-10,unknown,fix_script,,
review_only,24876,25081,,,250.00,2025-07-18,unknown,fix_script,,
review_only,24877,24912,,,344.44,2025-06-18,unknown,fix_script,,
review_only,24878,,,,895.75,2025-10-02,unknown,fix_script,,
review_only,24879,,,,492.94,2025-09-08,unknown,fix_script,,
review_only,24880,24858,,,771.97,2025-06-09,unknown,fix_script,,
review_only,24881,,,,181.53,2025-05-27,unknown,fix_script,,
review_only,24883,,,,205.00,2025-09-02,unknown,fix_script,,
review_only,24884,,,,25.46,2025-10-02,unknown,fix_script,,
review_only,24886,,,,200.00,2025-05-29,unknown,fix_script,,
review_only,24887,,,,75.00,2025-01-02,unknown,fix_script,,
review_only,24889,,,,891.52,2025-05-12,unknown,fix_script,,
review_only,24893,25023,,,175.00,2025-07-04,unknown,fix_script,,
review_only,24896,,,,330.00,2025-08-28,unknown,fix_script,,
review_only,24898,,,,298.76,2025-11-03,unknown,fix_script,,
review_only,24899,,,,-5.00,2025-05-29,unknown,fix_script,,
review_only,24900,,,,522.75,2025-06-18,unknown,fix_script,,
review_only,24902,,,,824.45,2025-05-07,unknown,fix_script,,
review_only,24903,25038,,,166.32,2025-07-09,unknown,fix_script,,
review_only,24907,,,,303.19,2025-06-24,unknown,fix_script,,
review_only,24910,,,,315.00,2025-09-15,unknown,fix_script,,
review_only,24911,,,,186.48,2025-08-20,unknown,fix_script,,
review_only,24914,,,,231.00,2025-07-07,unknown,fix_script,,
review_only,24915,,,,156.87,2025-07-14,unknown,fix_script,,
review_only,24916,,,,500.00,2025-10-09,unknown,fix_script,,
review_only,24917,,,,231.00,2025-09-11,unknown,fix_script,,
review_only,24924,24917,,,500.00,2025-06-20,unknown,fix_script,,
review_only,24926,,,,500.00,2025-11-03,unknown,fix_script,,
review_only,24927,,,,175.00,2025-05-15,unknown,fix_script,,
review_only,24929,,,,183.75,2025-08-06,unknown,fix_script,,
review_only,24933,,,,183.75,2025-08-08,unknown,fix_script,,
review_only,24934,,,,774.00,2025-10-30,unknown,fix_script,,
review_only,24936,,,,500.00,2025-10-15,unknown,fix_script,,
review_only,24938,25108,,,150.00,2025-07-24,unknown,fix_script,,
review_only,24939,25025,,,330.75,2025-07-04,unknown,fix_script,,
review_only,24940,,,,500.00,2025-06-19,unknown,fix_script,,
review_only,24943,,,,289.40,2025-06-18,unknown,fix_script,,
review_only,24944,,,,500.00,2025-10-27,unknown,fix_script,,
review_only,24948,25114,,,75.00,2025-07-25,unknown,fix_script,,
review_only,24950,,,,204.75,2025-09-11,unknown,fix_script,,
review_only,24956,,,,790.00,2025-08-19,unknown,fix_script,,
review_only,24959,25026,,,-150.00,2025-07-04,unknown,fix_script,,
review_only,24960,,,,350.00,2025-08-13,unknown,fix_script,,
review_only,24963,,,,500.00,2025-06-13,unknown,fix_script,,
review_only,24964,,,,300.30,2025-08-13,unknown,fix_script,,
review_only,24965,,,,43.12,2025-09-15,unknown,fix_script,,
review_only,24966,25050,,,240.00,2025-07-11,unknown,fix_script,,
review_only,24968,,,,572.18,2025-08-15,unknown,fix_script,,
review_only,24969,24900,,,175.00,2025-06-16,unknown,fix_script,,
review_only,24970,,,,205.00,2025-08-13,unknown,fix_script,,
review_only,24972,,,,577.50,2025-08-08,unknown,fix_script,,
review_only,24973,,,,225.00,2025-08-11,unknown,fix_script,,
review_only,24975,,,,300.00,2025-07-04,unknown,fix_script,,
review_only,24977,,,,684.32,2025-07-04,unknown,fix_script,,
review_only,24981,,,,250.00,2025-09-25,unknown,fix_script,,
review_only,24982,,,,108.36,2025-09-05,unknown,fix_script,,
review_only,24983,,,,75.00,2025-05-21,unknown,fix_script,,
review_only,24985,,,,210.00,2025-06-12,unknown,fix_script,,
review_only,24986,,,,174.09,2025-09-25,unknown,fix_script,,
review_only,24988,,,,200.00,2025-08-25,unknown,fix_script,,
review_only,24989,24906,,,132.00,2025-06-18,unknown,fix_script,,
review_only,24993,,,,32.13,2025-09-23,unknown,fix_script,,
review_only,24994,,,,177.00,2025-09-11,unknown,fix_script,,
review_only,24996,,,,401.08,2025-09-04,unknown,fix_script,,
review_only,24999,25059,,,205.00,2025-07-13,unknown,fix_script,,
review_only,25001,,,,500.00,2025-10-16,unknown,fix_script,,
review_only,25002,,,,143.63,2025-08-22,unknown,fix_script,,
review_only,25003,,,,702.00,2025-08-15,unknown,fix_script,,
review_only,25004,25005,,,420.00,2025-07-04,unknown,fix_script,,
review_only,25005,,,,700.35,2025-10-15,unknown,fix_script,,
review_only,25006,,,,34.02,2025-09-14,unknown,fix_script,,
review_only,25008,,,,5.00,2025-05-29,unknown,fix_script,,
review_only,25009,,,,300.00,2025-10-20,unknown,fix_script,,
review_only,25012,,,,327.75,2025-10-21,unknown,fix_script,,
review_only,25013,25105,,,300.00,2025-07-23,unknown,fix_script,,
review_only,25015,25021,,,365.69,2025-07-04,unknown,fix_script,,
review_only,25016,25058,,,78.75,2025-07-13,unknown,fix_script,,
review_only,25017,24956,,,631.50,2025-07-03,unknown,fix_script,,
review_only,25018,,,,250.00,2025-08-21,unknown,fix_script,,
review_only,25019,25035,,,301.87,2025-07-08,unknown,fix_script,,
review_only,25020,,,,774.00,2025-10-08,unknown,fix_script,,
review_only,25022,,,,250.00,2025-05-21,unknown,fix_script,,
review_only,25023,,,,450.66,2025-09-25,unknown,fix_script,,
review_only,25024,,,,262.50,2025-08-13,unknown,fix_script,,
review_only,25026,,,,250.00,2025-08-21,unknown,fix_script,,
review_only,25027,,,,430.50,2025-07-04,unknown,fix_script,,
review_only,25029,,,,75.00,2025-08-04,unknown,fix_script,,
review_only,25034,,,,210.84,2025-07-30,unknown,fix_script,,
review_only,25035,,,,200.00,2025-06-12,unknown,fix_script,,
review_only,25037,,,,94.50,2025-08-04,unknown,fix_script,,
review_only,25039,,,,735.00,2025-07-28,unknown,fix_script,,
review_only,25040,,,,205.00,2025-06-30,unknown,fix_script,,
review_only,25043,,,,157.50,2025-06-08,unknown,fix_script,,
review_only,25046,,,,300.00,2025-08-22,unknown,fix_script,,
review_only,25048,,,,150.00,2025-03-03,unknown,fix_script,,
review_only,25049,,,,498.15,2025-10-14,unknown,fix_script,,
review_only,25052,,,,675.02,2025-06-02,unknown,fix_script,,
review_only,25053,,,,2.00,2025-05-26,unknown,fix_script,,
review_only,25056,,,,528.99,2025-06-30,unknown,fix_script,,
review_only,25058,,,,550.00,2025-10-03,unknown,fix_script,,
review_only,25059,25027,,,560.00,2025-07-04,unknown,fix_script,,
review_only,25061,,,,250.00,2025-09-08,unknown,fix_script,,
review_only,25062,,,,235.49,2025-09-22,unknown,fix_script,,
review_only,25066,,,,231.00,2025-09-02,unknown,fix_script,,
review_only,25067,,,,720.00,2025-10-06,unknown,fix_script,,
review_only,25071,25047,,,205.00,2025-07-10,unknown,fix_script,,
review_only,25072,,,,200.00,2025-09-05,unknown,fix_script,,
review_only,25073,25061,,,138.60,2025-07-14,unknown,fix_script,,
review_only,25074,,,,313.62,2025-06-30,unknown,fix_script,,
review_only,25075,,,,104.74,2025-06-04,unknown,fix_script,,
review_only,25076,,,,542.85,2025-11-03,unknown,fix_script,,
review_only,25077,,,,538.73,2025-04-01,unknown,fix_script,,
review_only,25078,24856,,,49.51,2025-06-09,unknown,fix_script,,
review_only,25083,,,,319.76,2025-06-09,unknown,fix_script,,
review_only,25084,,,,488.75,2025-07-30,unknown,fix_script,,
review_only,25086,,,,500.00,2025-09-15,unknown,fix_script,,
review_only,25087,,,,75.00,2025-09-15,unknown,fix_script,,
review_only,25088,25019,,,251.00,2025-07-04,unknown,fix_script,,
review_only,25095,,,,50.00,2025-05-07,unknown,fix_script,,
review_only,25097,,,,42.00,2025-05-09,unknown,fix_script,,
review_only,25101,25064,,,659.00,2025-07-15,unknown,fix_script,,
review_only,25102,,,,75.00,2025-03-21,unknown,fix_script,,
review_only,25105,,,,382.50,2025-09-22,unknown,fix_script,,
review_only,25106,,,,175.00,2025-07-31,unknown,fix_script,,
review_only,25108,25097,,,205.00,2025-07-22,unknown,fix_script,,
review_only,25110,,,,774.00,2025-10-29,unknown,fix_script,,
review_only,25113,,,,30.50,2025-06-23,unknown,fix_script,,
review_only,25114,,,,2305.20,2025-10-06,unknown,fix_script,,
review_only,25115,,,,231.00,2025-09-02,unknown,fix_script,,
review_only,25116,,,,81.41,2025-05-30,unknown,fix_script,,
review_only,25118,24853,,,200.00,2025-06-06,unknown,fix_script,,
review_only,25120,,,,697.09,2025-06-30,unknown,fix_script,,
review_only,25125,,,,279.38,2025-09-09,unknown,fix_script,,
review_only,25126,25090,,,380.00,2025-07-21,unknown,fix_script,,
review_only,25127,25094,,,346.50,2025-07-22,unknown,fix_script,,
review_only,25128,,,,11.50,2025-05-28,unknown,fix_script,,
review_only,25129,,,,826.40,2025-06-20,unknown,fix_script,,
review_only,25131,,,,349.05,2025-10-21,unknown,fix_script,,
review_only,25132,25031,,,315.00,2025-07-07,unknown,fix_script,,
review_only,25134,24934,,,438.38,2025-06-27,unknown,fix_script,,
review_only,25136,,,,94.00,2025-06-03,unknown,fix_script,,
review_only,25137,25117,,,75.00,2025-07-28,unknown,fix_script,,
review_only,25138,,,,400.00,2025-11-04,unknown,fix_script,,
review_only,25141,25107,,,262.20,2025-07-24,unknown,fix_script,,
review_only,25142,,,,179.70,2025-10-14,unknown,fix_script,,
review_only,25143,,,,156.53,2025-02-27,unknown,fix_script,,
review_only,25145,,,,83.42,2025-06-24,unknown,fix_script,,
review_only,25147,,,,350.00,2025-09-15,unknown,fix_script,,
review_only,25148,,,,90.00,2025-10-06,unknown,fix_script,,
review_only,25149,,,,82.69,2025-05-05,unknown,fix_script,,
review_only,25153,,,,100.00,2025-09-25,unknown,fix_script,,
review_only,25154,,,,1.00,2025-09-30,unknown,fix_script,,
review_only,25155,,,,75.00,2025-05-21,unknown,fix_script,,
review_only,25157,,,,500.00,2025-05-20,unknown,fix_script,,
review_only,25159,,,,498.15,2025-10-21,unknown,fix_script,,
review_only,25160,,,,273.53,2025-05-26,unknown,fix_script,,
review_only,25161,,,,205.00,2025-09-03,unknown,fix_script,,
review_only,25162,,,,175.00,2025-09-02,unknown,fix_script,,
review_only,25163,,,,0.01,2025-10-22,unknown,fix_script,,
review_only,25164,,,,327.50,2025-08-14,unknown,fix_script,,
review_only,25165,,,,500.00,2025-10-02,unknown,fix_script,,
review_only,25166,25037,,,282.80,2025-07-09,unknown,fix_script,,
review_only,25168,,,,14.70,2025-07-28,unknown,fix_script,,
review_only,25170,,,,231.00,2025-09-15,unknown,fix_script,,
review_only,25173,25033,,,200.00,2025-07-08,unknown,fix_script,,
review_only,25177,,,,1122.00,2025-10-04,unknown,fix_script,,
review_only,25178,24896,,,228.90,2025-06-16,unknown,fix_script,,
review_only,25180,,,,276.42,2025-05-20,unknown,fix_script,,
review_only,25183,,,,355.00,2025-09-30,unknown,fix_script,,
review_only,25196,,,,621.45,2025-10-30,unknown,fix_script,,
review_only,25198,,,,345.75,2025-10-20,unknown,fix_script,,
review_only,25200,,,,369.00,2025-10-21,unknown,fix_script,,
review_only,25201,25073,,,95.76,2025-07-17,unknown,fix_script,,
review_only,25205,,,,63.00,2025-08-08,unknown,fix_script,,
review_only,25206,,,,-500.00,2025-10-08,unknown,fix_script,,
review_only,25207,24922,,,216.19,2025-06-23,unknown,fix_script,,
review_only,25208,25020,,,481.78,2025-07-04,unknown,fix_script,,
review_only,25212,,,,205.00,2025-07-30,unknown,fix_script,,
review_only,25213,,,,50.11,2025-07-28,unknown,fix_script,,
review_only,25215,25068,,,75.00,2025-07-16,unknown,fix_script,,
review_only,25222,,,,10.50,2025-04-14,unknown,fix_script,,
review_only,25226,,,,150.00,2025-08-01,unknown,fix_script,,
review_only,25227,25077,,,205.00,2025-07-17,unknown,fix_script,,
review_only,25229,25087,,,98.65,2025-07-21,unknown,fix_script,,
review_only,25231,,,,75.00,2025-06-15,unknown,fix_script,,
review_only,25235,,,,500.00,2025-08-26,unknown,fix_script,,
review_only,25237,,,,369.00,2025-10-06,unknown,fix_script,,
review_only,25238,24859,,,225.47,2025-06-09,unknown,fix_script,,
review_only,25240,,,,791.50,2025-10-14,unknown,fix_script,,
review_only,25242,,,,852.48,2025-05-07,unknown,fix_script,,
review_only,25244,,,,183.75,2025-09-23,unknown,fix_script,,
review_only,25249,,,,479.45,2025-08-21,unknown,fix_script,,
review_only,25251,24907,,,131.25,2025-06-18,unknown,fix_script,,
review_only,25260,,,,495.18,2025-09-08,unknown,fix_script,,
review_only,25263,,,,324.84,2025-05-21,unknown,fix_script,,
review_only,25264,,,,214.50,2025-08-20,unknown,fix_script,,
review_only,25265,,,,183.75,2025-08-06,unknown,fix_script,,
review_only,25266,25115,,,250.00,2025-07-28,unknown,fix_script,,
review_only,25267,,,,264.00,2025-08-13,unknown,fix_script,,
review_only,25268,,,,175.00,2025-05-26,unknown,fix_script,,
review_only,25270,,,,175.00,2025-05-01,unknown,fix_script,,
review_only,25274,,,,75.00,2025-09-14,unknown,fix_script,,
review_only,25275,,,,205.00,2025-08-18,unknown,fix_script,,
review_only,25276,,,,175.00,2025-09-03,unknown,fix_script,,
review_only,25278,,,,250.00,2025-06-20,unknown,fix_script,,
review_only,25279,,,,205.00,2025-09-17,unknown,fix_script,,
review_only,25280,,,,725.00,2025-08-12,unknown,fix_script,,
review_only,25285,,,,250.00,2025-09-09,unknown,fix_script,,
review_only,25286,,,,690.62,2025-09-09,unknown,fix_script,,
review_only,25290,,,,793.75,2025-09-30,unknown,fix_script,,
review_only,25292,,,,142.38,2025-09-04,unknown,fix_script,,
review_only,25294,,,,330.00,2025-09-10,unknown,fix_script,,
review_only,25295,25004,,,402.50,2025-07-04,unknown,fix_script,,
review_only,25296,,,,600.24,2025-11-03,unknown,fix_script,,
review_only,25298,,,,500.00,2025-08-01,unknown,fix_script,,
review_only,25299,25044,,,400.00,2025-07-10,unknown,fix_script,,
review_only,25301,,,,997.50,2025-08-05,unknown,fix_script,,
review_only,25303,,,,560.99,2025-09-25,unknown,fix_script,,
review_only,25304,24883,,,126.00,2025-06-13,unknown,fix_script,,
review_only,25305,25048,,,141.45,2025-07-10,unknown,fix_script,,
review_only,25307,,,,35.00,2025-07-30,unknown,fix_script,,
review_only,25308,,,,443.31,2025-09-09,unknown,fix_script,,
review_only,25309,,,,500.00,2025-05-06,unknown,fix_script,,
review_only,25310,24943,,,200.00,2025-07-02,unknown,fix_script,,
review_only,25311,,,,199.50,2025-10-30,unknown,fix_script,,
review_only,25313,25089,,,231.00,2025-07-21,unknown,fix_script,,
review_only,25314,25052,,,497.00,2025-07-11,unknown,fix_script,,
review_only,25315,,,,201.57,2025-08-18,unknown,fix_script,,
review_only,25316,,,,157.50,2025-07-29,unknown,fix_script,,
review_only,25317,,,,846.00,2025-10-17,unknown,fix_script,,
review_only,25323,,,,500.00,2025-08-12,unknown,fix_script,,
review_only,25324,,,,90.19,2025-06-10,unknown,fix_script,,
review_only,25329,,,,323.06,2025-10-27,unknown,fix_script,,
review_only,25330,,,,359.10,2025-04-04,unknown,fix_script,,
review_only,25334,,,,180.18,2025-08-19,unknown,fix_script,,
review_only,25335,,,,900.00,2025-09-17,unknown,fix_script,,
review_only,25338,,,,891.40,2025-05-24,unknown,fix_script,,
review_only,25339,,,,657.56,2025-06-25,unknown,fix_script,,
review_only,25340,,,,346.25,2025-07-30,unknown,fix_script,,
review_only,25344,,,,133.35,2025-05-14,unknown,fix_script,,
review_only,25345,25078,,,250.00,2025-07-17,unknown,fix_script,,
review_only,25348,,,,500.00,2025-10-06,unknown,fix_script,,
review_only,25352,,,,231.00,2025-09-16,unknown,fix_script,,
review_only,25355,,,,-210.84,2025-07-30,unknown,fix_script,,
review_only,25357,,,,774.00,2025-10-09,unknown,fix_script,,
review_only,25358,,,,15.75,2025-06-12,unknown,fix_script,,
review_only,25360,,,,243.60,2025-09-22,unknown,fix_script,,
review_only,25361,,,,319.80,2025-10-27,unknown,fix_script,,
review_only,25364,,,,220.50,2025-06-09,unknown,fix_script,,
review_only,25365,,,,250.00,2025-07-04,unknown,fix_script,,
review_only,25370,,,,193.00,2025-10-04,unknown,fix_script,,
review_only,25373,25086,,,93.96,2025-07-19,unknown,fix_script,,
review_only,25380,,,,319.80,2025-10-03,unknown,fix_script,,
review_only,25381,,,,1439.10,2025-10-28,unknown,fix_script,,
review_only,25382,24952,,,175.00,2025-07-03,unknown,fix_script,,
review_only,25384,,,,542.55,2025-11-05,unknown,fix_script,,
review_only,25385,,,,846.63,2025-10-08,unknown,fix_script,,
review_only,25387,25080,,,300.00,2025-07-18,unknown,fix_script,,
review_only,25388,25095,,,75.00,2025-07-22,unknown,fix_script,,
review_only,25392,25041,,,630.00,2025-07-10,unknown,fix_script,,
review_only,25396,24940,,,636.50,2025-06-30,unknown,fix_script,,
review_only,25398,,,,300.00,2025-10-08,unknown,fix_script,,
review_only,25399,,,,440.00,2025-05-12,unknown,fix_script,,
review_only,25402,,,,264.00,2025-09-09,unknown,fix_script,,
review_only,25406,25071,,,448.50,2025-07-16,unknown,fix_script,,
review_only,25407,,,,175.00,2025-07-03,unknown,fix_script,,
review_only,25408,,,,156.53,2025-04-14,unknown,fix_script,,
review_only,25409,,,,210.00,2025-09-18,unknown,fix_script,,
review_only,25410,,,,104.15,2025-04-30,unknown,fix_script,,
review_only,25411,,,,157.50,2025-07-10,unknown,fix_script,,
